Si_34-10,1.2665,1.271649718284607
Si_34-100,1.2485,1.255159854888916
Si_34-108,1.2970,1.3103183507919312
Si_34-109,1.1730,1.2012348175048828
Si_34-11,1.2509,1.26116943359375
Si_34-111,1.2431,1.2219998836517334
Si_34-112,1.3307,1.3102129697799683
Si_34-113,1.2107,1.228819489479065
Si_34-114,1.2235,1.240682601928711
Si_34-116,1.2494,1.2432249784469604
Si_34-117,1.2458,1.2487773895263672
Si_34-118,1.3258,1.3108711242675781
Si_34-123,1.1940,1.2129192352294922
Si_34-127,1.3269,1.3279106616973877
Si_34-128,1.2774,1.2768535614013672
Si_34-129,1.2676,1.2535583972930908
Si_34-13,1.2436,1.2568047046661377
Si_34-130,1.1812,1.2339129447937012
Si_34-131,1.3111,1.2972323894500732
Si_34-135,1.1996,1.227524995803833
Si_34-139,1.2289,1.2319741249084473
Si_34-14,1.2582,1.2623505592346191
Si_34-142,1.2414,1.2380077838897705
Si_34-143,1.1799,1.1933050155639648
Si_34-144,1.2544,1.2562596797943115
Si_34-145,1.1803,1.226001501083374
Si_34-147,1.2614,1.2723252773284912
Si_34-15,1.2633,1.256831169128418
Si_34-154,1.2984,1.2744888067245483
Si_34-156,1.2853,1.288578748703003
Si_34-158,1.1711,1.185497760772705
Si_34-16,1.3165,1.3005253076553345
Si_34-160,1.2174,1.2223021984100342
Si_34-161,1.2009,1.187436580657959
Si_34-163,1.2853,1.2583329677581787
Si_34-17,1.3000,1.2858097553253174
Si_34-173,1.2186,1.1946265697479248
Si_34-174,1.2963,1.2907285690307617
Si_34-176,1.2229,1.2086223363876343
Si_34-179,1.2141,1.2200334072113037
Si_34-18,1.2651,1.2784744501113892
Si_34-182,1.0976,1.1303812265396118
Si_34-183,1.3545,1.3885608911514282
Si_34-184,1.1941,1.2270851135253906
Si_34-187,1.1966,1.2149388790130615
Si_34-189,1.2651,1.2511337995529175
Si_34-19,1.2985,1.293628215789795
Si_34-191,1.2104,1.2304891347885132
Si_34-192,1.2442,1.2663859128952026
Si_34-198,1.2047,1.1660916805267334
Si_34-2,1.3151,1.2989906072616577
Si_34-201,1.2214,1.2088656425476074
Si_34-202,1.2914,1.272072196006775
Si_34-204,1.1324,1.1848055124282837
Si_34-206,1.1750,1.1686160564422607
Si_34-207,1.1869,1.2018789052963257
Si_34-21,1.3235,1.3014143705368042
Si_34-210,1.2178,1.234081745147705
Si_34-211,1.1812,1.2010234594345093
Si_34-212,1.2569,1.2318918704986572
Si_34-213,1.2014,1.1916531324386597
Si_34-214,1.2568,1.2608146667480469
Si_34-215,1.2573,1.2685325145721436
Si_34-221,1.2643,1.2376153469085693
Si_34-222,1.1830,1.2059491872787476
Si_34-224,1.1607,1.1949185132980347
Si_34-226,1.2058,1.2019039392471313
Si_34-23,1.2985,1.2936288118362427
Si_34-231,1.2644,1.239254355430603
Si_34-235,1.1723,1.1840065717697144
Si_34-237,1.1879,1.1668508052825928
Si_34-24,1.3174,1.2949556112289429
Si_34-240,1.2190,1.226444125175476
Si_34-242,1.2384,1.2213176488876343
Si_34-243,1.2054,1.2312086820602417
Si_34-247,1.2809,1.2495487928390503
Si_34-248,1.1912,1.1967840194702148
Si_34-249,1.1860,1.1552616357803345
Si_34-25,1.2674,1.2576459646224976
Si_34-251,1.2930,1.264350414276123
Si_34-253,1.2235,1.2108336687088013
Si_34-255,1.1883,1.1328036785125732
Si_34-256,1.1529,1.1731085777282715
Si_34-257,1.1632,1.1665271520614624
Si_34-26,1.2408,1.2468973398208618
Si_34-261,1.2781,1.2998385429382324
Si_34-262,1.2094,1.197013020515442
Si_34-265,1.2594,1.2292249202728271
Si_34-267,1.1396,1.1595652103424072
Si_34-269,1.1349,1.1471614837646484
Si_34-274,1.2545,1.2543959617614746
Si_34-275,1.2026,1.237465500831604
Si_34-277,1.1836,1.1622856855392456
Si_34-278,1.2015,1.1910924911499023
Si_34-28,1.3551,1.3375810384750366
Si_34-280,1.1866,1.193207025527954
Si_34-282,1.1896,1.1575647592544556
Si_34-283,1.1755,1.1822701692581177
Si_34-287,1.1063,1.1722544431686401
Si_34-29,1.2509,1.2629742622375488
Si_34-297,1.1841,1.1518884897232056
Si_34-299,1.2977,1.3191250562667847
Si_34-3,1.3867,1.3590912818908691
Si_34-30,1.2712,1.28114914894104
Si_34-300,1.2353,1.2216506004333496
Si_34-301,1.2360,1.2233383655548096
Si_34-305,1.2564,1.241094708442688
Si_34-311,1.2883,1.2621947526931763
Si_34-314,1.2064,1.2398048639297485
Si_34-315,1.2940,1.2870335578918457
Si_34-317,1.2117,1.195724368095398
Si_34-320,1.1876,1.2059526443481445
Si_34-321,1.2453,1.2400070428848267
Si_34-323,1.1531,1.1411113739013672
Si_34-325,1.2146,1.2395269870758057
Si_34-326,1.2035,1.2256412506103516
Si_34-327,1.2342,1.210140347480774
Si_34-329,1.2049,1.225694179534912
Si_34-330,1.2861,1.2999439239501953
Si_34-335,1.1348,1.153406023979187
Si_34-34,1.2572,1.2614871263504028
Si_34-340,1.2717,1.2180057764053345
Si_34-342,1.2477,1.2937636375427246
Si_34-343,1.2804,1.242146611213684
Si_34-344,1.2691,1.2238478660583496
Si_34-347,1.2902,1.2570754289627075
Si_34-348,1.0863,1.1166229248046875
Si_34-349,1.2057,1.2342779636383057
Si_34-353,1.2793,1.283979892730713
Si_34-355,1.1996,1.1648753881454468
Si_34-357,1.2965,1.2542918920516968
Si_34-358,1.3148,1.295762538909912
Si_34-36,1.2486,1.2458645105361938
Si_34-362,1.2627,1.2915451526641846
Si_34-366,1.2508,1.250917911529541
Si_34-367,1.2114,1.2315963506698608
Si_34-369,1.1643,1.1400940418243408
Si_34-37,1.2576,1.276167631149292
Si_34-370,1.2156,1.235830545425415
Si_34-372,1.1476,1.15992271900177
Si_34-375,1.2859,1.2863836288452148
Si_34-381,1.1615,1.2141460180282593
Si_34-382,1.2186,1.1887868642807007
Si_34-384,1.2351,1.2614753246307373
Si_34-385,1.2296,1.2175832986831665
Si_34-390,1.2283,1.2671080827713013
Si_34-393,1.2690,1.2679686546325684
Si_34-394,1.2439,1.2590373754501343
Si_34-395,1.1362,1.1442584991455078
Si_34-397,1.2382,1.2445842027664185
Si_34-398,1.2043,1.211827278137207
Si_34-4,1.2562,1.2493934631347656
Si_34-400,1.1114,1.138358235359192
Si_34-402,1.2309,1.2231855392456055
Si_34-404,1.2269,1.233181118965149
Si_34-405,1.1883,1.222832441329956
Si_34-406,1.1296,1.1714260578155518
Si_34-409,1.2201,1.2371081113815308
Si_34-410,1.1833,1.203224778175354
Si_34-411,1.2393,1.2392597198486328
Si_34-412,1.1574,1.1227381229400635
Si_34-413,1.1939,1.192588448524475
Si_34-415,1.1088,1.1518419981002808
Si_34-416,1.0712,1.1147658824920654
Si_34-417,1.2336,1.197636365890503
Si_34-418,1.2256,1.2147111892700195
Si_34-419,1.1822,1.2120779752731323
Si_34-420,1.1809,1.1836236715316772
Si_34-424,1.1944,1.129483699798584
Si_34-426,1.1693,1.20856511592865
Si_34-427,1.1345,1.0933423042297363
Si_34-428,1.2294,1.1703137159347534
Si_34-43,1.2981,1.2866888046264648
Si_34-431,1.2897,1.2636873722076416
Si_34-433,1.2028,1.2197632789611816
Si_34-434,1.1349,1.0880427360534668
Si_34-438,1.2435,1.2534922361373901
Si_34-440,1.1330,1.1324090957641602
Si_34-441,1.2425,1.2254564762115479
Si_34-442,1.1858,1.2190240621566772
Si_34-443,1.2256,1.234409213066101
Si_34-45,1.3388,1.3221070766448975
Si_34-450,1.2956,1.2602041959762573
Si_34-457,1.2147,1.170094609260559
Si_34-46,1.2520,1.222293496131897
Si_34-460,1.1472,1.1588773727416992
Si_34-461,1.2224,1.210558533668518
Si_34-463,1.1246,1.1506149768829346
Si_34-467,1.2416,1.229493260383606
Si_34-468,1.1939,1.2133045196533203
Si_34-47,1.2427,1.2452977895736694
Si_34-470,1.1844,1.1523329019546509
Si_34-472,1.2023,1.1862841844558716
Si_34-475,1.2158,1.1965534687042236
Si_34-476,1.2690,1.262598991394043
Si_34-478,1.1247,1.0846107006072998
Si_34-479,1.2108,1.1542330980300903
Si_34-481,1.1542,1.1845543384552002
Si_34-483,1.2278,1.2286882400512695
Si_34-484,1.2014,1.212863802909851
Si_34-486,1.1845,1.1945730447769165
Si_34-488,1.1509,1.1582565307617188
Si_34-489,1.2898,1.267498254776001
Si_34-49,1.2412,1.2670681476593018
Si_34-491,1.2666,1.2504966259002686
Si_34-492,1.1513,1.131462574005127
Si_34-493,1.1602,1.1721818447113037
Si_34-494,1.1332,1.1603633165359497
Si_34-495,1.1350,1.1474403142929077
Si_34-496,1.2059,1.1760656833648682
Si_34-497,1.1276,1.1506035327911377
Si_34-498,1.1687,1.1860750913619995
Si_34-499,1.3125,1.3274494409561157
Si_34-5,1.2597,1.26754891872406
Si_34-500,1.1678,1.192022681236267
Si_34-502,1.0587,1.076410174369812
Si_34-504,1.1295,1.1416959762573242
Si_34-505,1.2306,1.2683054208755493
Si_34-506,1.2317,1.205480694770813
Si_34-508,1.2343,1.218420386314392
Si_34-509,1.1743,1.154736876487732
Si_34-51,1.2649,1.2700161933898926
Si_34-510,1.1927,1.188197374343872
Si_34-511,1.0678,1.0801690816879272
Si_34-513,1.2166,1.2109142541885376
Si_34-516,1.2279,1.2613669633865356
Si_34-517,1.2099,1.1980865001678467
Si_34-518,1.1295,1.1487059593200684
Si_34-519,1.3018,1.2828134298324585
Si_34-522,1.1450,1.1269795894622803
Si_34-523,1.2048,1.1970144510269165
Si_34-527,1.2104,1.1974412202835083
Si_34-528,1.1722,1.1652040481567383
Si_34-529,1.1688,1.1369572877883911
Si_34-53,1.2237,1.2330749034881592
Si_34-530,1.2443,1.2305986881256104
Si_34-531,1.1569,1.1513456106185913
Si_34-533,1.2238,1.2149072885513306
Si_34-537,1.2248,1.2061526775360107
Si_34-541,1.2911,1.2524315118789673
Si_34-542,1.2702,1.276213526725769
Si_34-544,1.2068,1.2010843753814697
Si_34-546,1.0931,1.1068921089172363
Si_34-548,1.1688,1.149339199066162
Si_34-549,1.2202,1.2294166088104248
Si_34-55,1.2589,1.2261465787887573
Si_34-550,1.0626,1.0984442234039307
Si_34-551,1.0432,1.1261229515075684
Si_34-556,1.3076,1.3158856630325317
Si_34-558,1.2310,1.2051801681518555
Si_34-559,1.1665,1.1782575845718384
Si_34-560,1.2285,1.2443245649337769
Si_34-561,1.0869,1.0729894638061523
Si_34-562,1.1581,1.120686411857605
Si_34-566,1.2415,1.2371386289596558
Si_34-568,1.2222,1.1912189722061157
Si_34-571,1.2321,1.1752153635025024
Si_34-572,1.1839,1.1993861198425293
Si_34-575,1.2370,1.1985440254211426
Si_34-576,1.2116,1.158103585243225
Si_34-577,1.1605,1.1435407400131226
Si_34-578,1.1533,1.1316757202148438
Si_34-584,1.2373,1.2770613431930542
Si_34-586,1.2153,1.2032246589660645
Si_34-59,1.2347,1.2139075994491577
Si_34-590,1.1684,1.1794037818908691
Si_34-591,1.1436,1.1611829996109009
Si_34-593,1.1633,1.1476613283157349
Si_34-596,1.1572,1.212180256843567
Si_34-598,1.2189,1.2302076816558838
Si_34-599,1.2167,1.1846176385879517
Si_34-6,1.2481,1.26417875289917
Si_34-60,1.2387,1.2351168394088745
Si_34-600,1.2178,1.200222373008728
Si_34-601,1.1681,1.132370114326477
Si_34-604,1.1916,1.2052067518234253
Si_34-609,1.0848,1.1119883060455322
Si_34-610,1.1871,1.147639274597168
Si_34-612,1.2288,1.1922873258590698
Si_34-614,1.1120,1.1276187896728516
Si_34-616,0.9934,1.0454139709472656
Si_34-618,1.0798,1.0975053310394287
Si_34-62,1.2525,1.2438161373138428
Si_34-620,1.2246,1.195570945739746
Si_34-623,1.1850,1.178488850593567
Si_34-625,1.2344,1.2059506177902222
Si_34-626,1.1165,1.1405057907104492
Si_34-627,1.1355,1.1058193445205688
Si_34-628,1.1996,1.1639307737350464
Si_34-629,1.2950,1.3149254322052002
Si_34-631,1.2072,1.1753730773925781
Si_34-633,1.1782,1.1104367971420288
Si_34-638,1.2121,1.184396505355835
Si_34-639,1.1660,1.1636862754821777
Si_34-640,1.1038,1.113287091255188
Si_34-641,1.1681,1.1434807777404785
Si_34-642,1.1854,1.2143199443817139
Si_34-644,1.2127,1.1605305671691895
Si_34-646,1.1362,1.1808803081512451
Si_34-648,1.1424,1.1210792064666748
Si_34-651,1.0962,1.0768663883209229
Si_34-652,1.0808,1.076614260673523
Si_34-653,1.1493,1.12710702419281
Si_34-654,1.1076,1.075922966003418
Si_34-655,1.1388,1.164420247077942
Si_34-656,1.1747,1.1681132316589355
Si_34-658,1.2006,1.1668146848678589
Si_34-659,1.2799,1.2992973327636719
Si_34-661,1.2390,1.190991997718811
Si_34-662,1.1414,1.1236510276794434
Si_34-664,1.0935,1.0625848770141602
Si_34-667,1.2191,1.1986889839172363
Si_34-669,1.1584,1.2112761735916138
Si_34-670,1.1195,1.1071256399154663
Si_34-672,1.2303,1.2026196718215942
Si_34-675,1.2533,1.256394386291504
Si_34-677,1.1197,1.0848625898361206
Si_34-679,1.2299,1.230025291442871
Si_34-68,1.2019,1.2255629301071167
Si_34-680,1.1487,1.1714564561843872
Si_34-683,1.1739,1.1503089666366577
Si_34-685,1.1335,1.114454984664917
Si_34-689,1.2314,1.2105776071548462
Si_34-690,1.0945,1.1723284721374512
Si_34-691,1.1799,1.1724787950515747
Si_34-694,1.2951,1.276645302772522
Si_34-696,1.1536,1.1930129528045654
Si_34-698,1.0604,1.1137219667434692
Si_34-699,1.2400,1.2732549905776978
Si_34-7,1.3000,1.285809874534607
Si_34-700,1.1117,1.125293493270874
Si_34-701,1.0914,1.1176977157592773
Si_34-702,1.2158,1.2455204725265503
Si_34-704,1.2043,1.193086862564087
Si_34-705,1.2153,1.154367446899414
Si_34-706,1.1884,1.134626865386963
Si_34-707,1.1475,1.142921805381775
Si_34-708,1.2960,1.3112702369689941
Si_34-709,1.1707,1.2051160335540771
Si_34-71,1.2576,1.273191213607788
Si_34-713,1.1566,1.1527537107467651
Si_34-714,1.1285,1.0748765468597412
Si_34-719,1.2492,1.2416276931762695
Si_34-72,1.2283,1.2347705364227295
Si_34-721,1.2262,1.1941986083984375
Si_34-722,1.1103,1.1241625547409058
Si_34-724,1.0884,1.1133760213851929
Si_34-727,1.1600,1.144235372543335
Si_34-73,1.1812,1.2339102029800415
Si_34-732,1.1950,1.1902703046798706
Si_34-733,1.2373,1.245715856552124
Si_34-734,1.1013,1.1208744049072266
Si_34-736,1.1709,1.1498186588287354
Si_34-737,1.1254,1.14829421043396
Si_34-740,1.2059,1.1913670301437378
Si_34-741,1.0934,1.1303597688674927
Si_34-742,1.1559,1.1609872579574585
Si_34-743,1.0824,1.1045125722885132
Si_34-745,1.1805,1.1883796453475952
Si_34-746,1.0853,1.1185493469238281
Si_34-749,1.1860,1.167906641960144
Si_34-750,1.1637,1.1914142370224
Si_34-752,1.2720,1.240177035331726
Si_34-753,1.2623,1.2151145935058594
Si_34-755,1.1991,1.2124412059783936
Si_34-759,1.1591,1.1594823598861694
Si_34-76,1.2003,1.215320110321045
Si_34-762,1.1879,1.1795912981033325
Si_34-766,1.1309,1.1605616807937622
Si_34-767,1.1545,1.1840063333511353
Si_34-77,1.2579,1.2494566440582275
Si_34-770,1.1694,1.2105563879013062
Si_34-771,1.1395,1.1688741445541382
Si_34-773,1.0924,1.1265521049499512
Si_34-775,1.1454,1.1776323318481445
Si_34-777,1.2362,1.1758207082748413
Si_34-779,1.1521,1.1189813613891602
Si_34-780,1.1345,1.1832075119018555
Si_34-781,1.0933,1.1246095895767212
Si_34-782,1.0611,1.0859837532043457
Si_34-784,1.1858,1.1577770709991455
Si_34-788,1.0702,1.1104822158813477
Si_34-789,1.1055,1.131282091140747
Si_34-79,1.2803,1.2930065393447876
Si_34-791,1.2495,1.1971491575241089
Si_34-792,1.1879,1.2293000221252441
Si_34-795,1.0965,1.113876223564148
Si_34-796,1.1397,1.09617018699646
Si_34-799,1.1327,1.1544450521469116
Si_34-8,1.2507,1.2508175373077393
Si_34-80,1.2104,1.230125069618225
Si_34-801,1.0631,1.1002591848373413
Si_34-802,1.1496,1.0848205089569092
Si_34-803,1.1037,1.1632888317108154
Si_34-805,1.1827,1.1460990905761719
Si_34-806,1.0975,1.1182327270507812
Si_34-807,1.0302,1.0681315660476685
Si_34-808,1.2502,1.2353079319000244
Si_34-81,1.2591,1.2468595504760742
Si_34-812,1.1103,1.1177078485488892
Si_34-813,1.1710,1.1285547018051147
Si_34-815,1.1354,1.0904903411865234
Si_34-816,1.0101,1.0354973077774048
Si_34-817,1.1035,1.120399832725525
Si_34-818,1.1432,1.1025067567825317
Si_34-82,1.2009,1.2276464700698853
Si_34-820,1.2459,1.211440086364746
Si_34-821,1.0254,1.061525821685791
Si_34-822,1.1916,1.1807334423065186
Si_34-824,1.1390,1.161731481552124
Si_34-826,1.1714,1.186687707901001
Si_34-827,1.1266,1.1088972091674805
Si_34-830,1.1155,1.107038974761963
Si_34-831,1.1865,1.158576250076294
Si_34-832,1.2237,1.2035048007965088
Si_34-834,1.1430,1.1400413513183594
Si_34-835,1.1901,1.2026859521865845
Si_34-836,1.2685,1.2604066133499146
Si_34-838,1.2796,1.2344132661819458
Si_34-839,1.0812,1.0953699350357056
Si_34-840,1.0838,1.1518824100494385
Si_34-841,1.2745,1.1774479150772095
Si_34-844,1.1091,1.0945391654968262
Si_34-847,1.1858,1.1714909076690674
Si_34-849,1.1600,1.1750932931900024
Si_34-858,1.2671,1.2691136598587036
Si_34-859,1.0826,1.1188764572143555
Si_34-860,1.1549,1.1886807680130005
Si_34-862,1.2752,1.2904493808746338
Si_34-865,1.2458,1.2192801237106323
Si_34-866,1.1233,1.141797661781311
Si_34-867,1.0791,1.0785942077636719
Si_34-869,1.0120,1.0639551877975464
Si_34-87,1.2614,1.2475651502609253
Si_34-873,1.1234,1.161988615989685
Si_34-874,1.2246,1.2084451913833618
Si_34-875,1.1266,1.163927674293518
Si_34-878,1.1691,1.1429593563079834
Si_34-879,1.1283,1.0965826511383057
Si_34-88,1.1974,1.2211366891860962
Si_34-882,1.1323,1.1495577096939087
Si_34-884,1.0928,1.149384617805481
Si_34-886,1.1631,1.1383250951766968
Si_34-887,1.1919,1.1363451480865479
Si_34-888,0.9785,1.0693359375
Si_34-889,1.1831,1.1783889532089233
Si_34-89,1.2508,1.2707799673080444
Si_34-891,1.0927,1.1387194395065308
Si_34-895,1.2561,1.2299178838729858
Si_34-896,1.1585,1.1627668142318726
Si_34-898,1.1622,1.1962376832962036
Si_34-899,1.1233,1.165881633758545
Si_34-9,1.3491,1.3443527221679688
Si_34-903,1.0343,1.0966928005218506
Si_34-912,1.1757,1.1551624536514282
Si_34-913,1.0822,1.0702950954437256
Si_34-915,1.2539,1.300765872001648
Si_34-916,1.0723,1.1086970567703247
Si_34-917,1.0450,1.0792981386184692
Si_34-918,1.2014,1.1580085754394531
Si_34-924,1.0766,1.1133161783218384
Si_34-925,1.1862,1.1941977739334106
Si_34-93,1.2598,1.2485555410385132
Si_34-932,1.1956,1.1790509223937988
Si_34-933,1.1947,1.1198506355285645
Si_34-94,1.2626,1.2681961059570312
Si_34-99,1.2042,1.218112587928772
Si_46-1,1.0579,1.0429770946502686
Si_46-10,1.0367,1.0281429290771484
Si_46-100,1.0498,1.0449258089065552
Si_46-1001,1.0977,1.0808281898498535
Si_46-1003,1.1590,1.1316274404525757
Si_46-1005,1.0918,1.08118736743927
Si_46-1007,1.0587,1.0597171783447266
Si_46-1009,1.0684,1.055728554725647
Si_46-1012,1.0610,1.040895700454712
Si_46-1013,1.1171,1.1149348020553589
Si_46-1016,1.1030,1.0942331552505493
Si_46-1017,1.0952,1.1040525436401367
Si_46-1018,1.0793,1.0922085046768188
Si_46-1020,1.0071,1.0439521074295044
Si_46-1023,1.0843,1.0998448133468628
Si_46-1024,1.1056,1.1292128562927246
Si_46-1025,1.0621,1.0793949365615845
Si_46-1028,1.1520,1.1283873319625854
Si_46-1029,1.1171,1.1233036518096924
Si_46-1031,1.1286,1.1232300996780396
Si_46-1032,1.1067,1.1027024984359741
Si_46-1033,1.1708,1.1682912111282349
Si_46-1034,1.1303,1.1238012313842773
Si_46-1038,1.0913,1.0753943920135498
Si_46-1039,1.0920,1.1122373342514038
Si_46-1040,1.1421,1.1054140329360962
Si_46-1041,1.0802,1.1054290533065796
Si_46-1043,1.1384,1.1392508745193481
Si_46-1049,1.0942,1.1014374494552612
Si_46-105,1.0466,1.0619548559188843
Si_46-1050,1.1738,1.1523746252059937
Si_46-1052,1.0722,1.1036579608917236
Si_46-1054,1.1121,1.104483962059021
Si_46-1055,1.1067,1.122111439704895
Si_46-1056,1.1208,1.1294528245925903
Si_46-1057,1.1076,1.117984414100647
Si_46-106,1.0838,1.069901943206787
Si_46-1060,1.1380,1.1171866655349731
Si_46-1064,1.1318,1.1399891376495361
Si_46-1065,1.1208,1.106056571006775
Si_46-1067,1.1176,1.1193937063217163
Si_46-1068,1.1403,1.1461948156356812
Si_46-1069,1.0986,1.1104793548583984
Si_46-1070,1.0669,1.0734928846359253
Si_46-1073,1.1381,1.1450272798538208
Si_46-1075,1.1391,1.1161046028137207
Si_46-1076,1.1157,1.1207462549209595
Si_46-1082,1.1313,1.1324931383132935
Si_46-1085,1.1496,1.1510528326034546
Si_46-1087,1.1345,1.1396762132644653
Si_46-109,1.0690,1.0667521953582764
Si_46-1090,1.1081,1.1021945476531982
Si_46-1093,1.1027,1.078808307647705
Si_46-1094,1.0743,1.0905295610427856
Si_46-1096,1.0958,1.089239478111267
Si_46-1097,1.1250,1.1017507314682007
Si_46-110,1.0370,1.032475233078003
Si_46-1100,1.1529,1.14968740940094
Si_46-1101,1.0899,1.0916646718978882
Si_46-1103,1.1112,1.096325397491455
Si_46-1106,1.1514,1.1319628953933716
Si_46-1109,1.0686,1.0692683458328247
Si_46-111,1.0534,1.052992343902588
Si_46-1110,1.1471,1.120164155960083
Si_46-1111,1.1122,1.0963245630264282
Si_46-1112,1.1600,1.1473933458328247
Si_46-1114,1.1434,1.1602082252502441
Si_46-1117,1.1091,1.1154104471206665
Si_46-1118,1.1475,1.1257030963897705
Si_46-112,1.1185,1.1053712368011475
Si_46-1122,1.0807,1.0781108140945435
Si_46-1123,1.1156,1.111895203590393
Si_46-1124,1.1119,1.1454212665557861
Si_46-1133,1.0910,1.0803534984588623
Si_46-1137,1.1075,1.0891832113265991
Si_46-1139,1.0931,1.0955281257629395
Si_46-1140,1.1469,1.1436126232147217
Si_46-1143,1.1637,1.1324347257614136
Si_46-1144,1.1015,1.1187119483947754
Si_46-1148,1.1662,1.1481293439865112
Si_46-1150,1.0982,1.085235834121704
Si_46-1151,1.1478,1.1410024166107178
Si_46-1152,1.0948,1.1122848987579346
Si_46-1153,1.0800,1.0558379888534546
Si_46-1154,1.1606,1.1504989862442017
Si_46-1155,1.0977,1.0835996866226196
Si_46-1156,1.1519,1.1214784383773804
Si_46-1157,1.0714,1.0958757400512695
Si_46-1158,1.1576,1.1343506574630737
Si_46-1159,1.1230,1.129509687423706
Si_46-116,1.0531,1.0555386543273926
Si_46-1160,1.1009,1.1087573766708374
Si_46-1162,1.1376,1.1436532735824585
Si_46-1166,1.1237,1.122527003288269
Si_46-1167,1.1649,1.1378114223480225
Si_46-1168,1.1781,1.198923945426941
Si_46-1169,1.1328,1.126465916633606
Si_46-1171,1.1547,1.1452643871307373
Si_46-1172,1.1165,1.0986591577529907
Si_46-1173,1.1189,1.115872859954834
Si_46-118,1.0727,1.0693944692611694
Si_46-1181,1.1317,1.130704402923584
Si_46-1182,1.1294,1.1059150695800781
Si_46-1185,1.1293,1.1266809701919556
Si_46-119,1.0671,1.06722092628479
Si_46-1192,1.0840,1.094406247138977
Si_46-1197,1.1220,1.111319661140442
Si_46-120,1.0569,1.0585428476333618
Si_46-1200,1.0847,1.1000878810882568
Si_46-1201,1.1228,1.1199748516082764
Si_46-1205,1.1318,1.1411223411560059
Si_46-1207,1.0883,1.0858898162841797
Si_46-1208,1.1980,1.1979352235794067
Si_46-1209,1.0609,1.0643354654312134
Si_46-121,1.0553,1.0519737005233765
Si_46-1210,1.0459,1.0654059648513794
Si_46-1211,1.0697,1.1010959148406982
Si_46-1212,1.0632,1.0827951431274414
Si_46-1213,1.1099,1.1217989921569824
Si_46-1217,1.0884,1.0885130167007446
Si_46-1218,1.1112,1.1067689657211304
Si_46-1219,1.0593,1.0655549764633179
Si_46-1220,1.1193,1.1061298847198486
Si_46-1222,1.0797,1.0781805515289307
Si_46-1226,1.1752,1.1985780000686646
Si_46-123,1.0816,1.0794779062271118
Si_46-1232,1.1088,1.0924433469772339
Si_46-1233,1.1629,1.1596038341522217
Si_46-1236,1.2052,1.1983249187469482
Si_46-1237,1.0908,1.109776258468628
Si_46-1240,1.1520,1.1481008529663086
Si_46-1242,1.0800,1.1018905639648438
Si_46-1248,1.0356,1.0562127828598022
Si_46-1250,1.1317,1.1587131023406982
Si_46-1251,1.0887,1.0909498929977417
Si_46-1252,1.1438,1.1325039863586426
Si_46-1257,1.1720,1.1332731246948242
Si_46-1261,1.1215,1.1196929216384888
Si_46-1262,1.1929,1.1842234134674072
Si_46-1263,1.0759,1.0732841491699219
Si_46-1264,1.0588,1.0706826448440552
Si_46-1265,1.1559,1.1672159433364868
Si_46-1266,1.1198,1.1211802959442139
Si_46-1268,1.0962,1.096635341644287
Si_46-1272,1.2182,1.1910139322280884
Si_46-1273,1.1602,1.156156063079834
Si_46-1274,1.0847,1.1154497861862183
Si_46-1278,1.2003,1.1741160154342651
Si_46-1288,1.1300,1.116334319114685
Si_46-1292,1.1768,1.14247465133667
Si_46-1294,1.1148,1.1271575689315796
Si_46-1296,1.1656,1.1461873054504395
Si_46-1297,1.1502,1.1519864797592163
Si_46-1298,1.1012,1.097739577293396
Si_46-1299,1.2084,1.2125691175460815
Si_46-130,1.0318,1.0373042821884155
Si_46-1301,1.1962,1.159844994544983
Si_46-1302,1.1779,1.167914867401123
Si_46-1303,1.1044,1.1207153797149658
Si_46-1305,1.1614,1.112273097038269
Si_46-1307,1.0970,1.102782130241394
Si_46-1312,1.1772,1.1781097650527954
Si_46-1313,1.1193,1.1335645914077759
Si_46-1314,1.1476,1.1410267353057861
Si_46-1316,1.1076,1.1180585622787476
Si_46-1317,1.1438,1.1066341400146484
Si_46-1320,1.1377,1.1575871706008911
Si_46-1321,1.0730,1.0990943908691406
Si_46-1322,1.1843,1.1908888816833496
Si_46-1323,1.1274,1.1175236701965332
Si_46-1324,1.1035,1.057681679725647
Si_46-1326,1.0859,1.1036208868026733
Si_46-1327,1.1125,1.1409703493118286
Si_46-1328,1.1486,1.118712067604065
Si_46-1329,1.1441,1.1420083045959473
Si_46-1335,1.1651,1.1778563261032104
Si_46-1336,1.1652,1.1933856010437012
Si_46-1337,1.0769,1.080751657485962
Si_46-1339,1.0982,1.1090325117111206
Si_46-1342,1.1916,1.1895601749420166
Si_46-1343,1.1459,1.133743166923523
Si_46-1348,1.1237,1.1413114070892334
Si_46-1349,1.1156,1.0906956195831299
Si_46-135,1.0337,1.0309793949127197
Si_46-1350,1.0792,1.1062934398651123
Si_46-1351,1.1149,1.1320589780807495
Si_46-1352,1.1805,1.201273798942566
Si_46-1355,1.0804,1.0847655534744263
Si_46-1356,1.0929,1.0883907079696655
Si_46-136,1.0815,1.0788573026657104
Si_46-1360,1.1337,1.1404112577438354
Si_46-1363,1.1573,1.1297575235366821
Si_46-1364,1.1031,1.1042234897613525
Si_46-1366,1.1441,1.1335749626159668
Si_46-1367,1.1020,1.1154162883758545
Si_46-1369,1.0922,1.0741729736328125
Si_46-137,1.0554,1.0526288747787476
Si_46-1370,1.1585,1.1466701030731201
Si_46-1376,1.1525,1.1540652513504028
Si_46-1377,1.1117,1.1277415752410889
Si_46-1378,1.1365,1.1246052980422974
Si_46-138,1.0549,1.054518222808838
Si_46-1382,1.0921,1.08993399143219
Si_46-1384,1.1493,1.121438980102539
Si_46-1385,1.1326,1.1272848844528198
Si_46-1387,1.1493,1.1540446281433105
Si_46-1388,1.0966,1.1135902404785156
Si_46-139,1.0805,1.0617252588272095
Si_46-1391,1.0951,1.1252413988113403
Si_46-1393,1.1413,1.1453293561935425
Si_46-1394,1.1224,1.1337043046951294
Si_46-1395,1.0950,1.0834659337997437
Si_46-1398,1.2204,1.2149995565414429
Si_46-14,1.0433,1.027251958847046
Si_46-1400,1.0965,1.081136703491211
Si_46-1402,1.0971,1.1219112873077393
Si_46-1403,1.0924,1.096494436264038
Si_46-1407,1.1175,1.1248419284820557
Si_46-1409,1.1724,1.1479915380477905
Si_46-141,1.0608,1.0589793920516968
Si_46-1414,1.1316,1.1076360940933228
Si_46-1418,1.1173,1.149577260017395
Si_46-1419,1.1529,1.132554531097412
Si_46-1422,1.2027,1.1832683086395264
Si_46-1423,1.1629,1.1362183094024658
Si_46-1426,1.1054,1.0917518138885498
Si_46-1427,1.1169,1.1463009119033813
Si_46-1428,1.1322,1.1485896110534668
Si_46-1430,1.1120,1.1175915002822876
Si_46-1432,1.1628,1.1590595245361328
Si_46-1434,1.1584,1.14765202999115
Si_46-1435,1.0834,1.0825077295303345
Si_46-1437,1.1162,1.1076128482818604
Si_46-1438,1.1948,1.1866886615753174
Si_46-1439,1.2162,1.2122774124145508
Si_46-144,1.0839,1.0797005891799927
Si_46-1440,1.1819,1.1308355331420898
Si_46-1442,1.1009,1.129745602607727
Si_46-1444,1.1799,1.1621085405349731
Si_46-1446,1.1286,1.1124732494354248
Si_46-1448,1.1688,1.171133279800415
Si_46-1449,1.1418,1.148282766342163
Si_46-1451,1.1725,1.185253381729126
Si_46-1453,1.1307,1.1328582763671875
Si_46-1456,1.1429,1.1184779405593872
Si_46-1457,1.1852,1.1786115169525146
Si_46-1458,1.1303,1.1324185132980347
Si_46-1461,1.1293,1.1390879154205322
Si_46-1462,1.1602,1.169226050376892
Si_46-1463,1.1181,1.1088554859161377
Si_46-1464,1.0929,1.1079206466674805
Si_46-1465,1.1847,1.16456937789917
Si_46-1466,1.1699,1.1565947532653809
Si_46-147,1.0539,1.0550094842910767
Si_46-1471,1.1610,1.138744592666626
Si_46-1474,1.1442,1.152002215385437
Si_46-1476,1.1364,1.1506290435791016
Si_46-1477,1.1630,1.144333839416504
Si_46-1479,1.0688,1.1015156507492065
Si_46-148,1.0382,1.0355019569396973
Si_46-1481,1.1395,1.1328747272491455
Si_46-1482,1.1245,1.1256077289581299
Si_46-1483,1.0406,1.065659761428833
Si_46-1485,1.1119,1.1048015356063843
Si_46-1486,1.1376,1.1378445625305176
Si_46-1487,1.0881,1.0970585346221924
Si_46-1488,1.1457,1.1217454671859741
Si_46-149,1.0820,1.080083966255188
Si_46-1490,1.0926,1.1178160905838013
Si_46-1491,1.1712,1.2084527015686035
Si_46-1492,1.2119,1.1875238418579102
Si_46-1493,1.1139,1.1182568073272705
Si_46-1494,1.1822,1.1877340078353882
Si_46-1495,1.1733,1.1647233963012695
Si_46-1497,1.0711,1.0505166053771973
Si_46-1498,1.1338,1.1023180484771729
Si_46-15,1.0490,1.0501296520233154
Si_46-150,1.0348,1.0294922590255737
Si_46-1502,1.0914,1.1133172512054443
Si_46-1506,1.0824,1.087267279624939
Si_46-1507,1.2204,1.2037122249603271
Si_46-1509,1.1642,1.1295396089553833
Si_46-1510,1.1383,1.1342042684555054
Si_46-1511,1.1315,1.1578547954559326
Si_46-1513,1.0771,1.0974328517913818
Si_46-1515,1.0326,1.0545448064804077
Si_46-1516,1.1290,1.1409858465194702
Si_46-1517,1.1541,1.1332331895828247
Si_46-1518,1.1220,1.1201554536819458
Si_46-152,1.0509,1.0592020750045776
Si_46-1521,1.0964,1.1118115186691284
Si_46-1523,1.2119,1.2242827415466309
Si_46-1524,1.1241,1.0909451246261597
Si_46-1528,1.1585,1.1456890106201172
Si_46-1530,1.1473,1.1395049095153809
Si_46-1533,1.0932,1.1008501052856445
Si_46-1536,1.1458,1.14301598072052
Si_46-1537,1.1618,1.1436576843261719
Si_46-1538,1.1076,1.129896879196167
Si_46-1539,1.1538,1.169148564338684
Si_46-1540,1.0834,1.1074843406677246
Si_46-1541,1.1277,1.1080411672592163
Si_46-1544,1.1190,1.1093868017196655
Si_46-1545,1.0759,1.1163549423217773
Si_46-1547,1.1029,1.1143813133239746
Si_46-155,1.0889,1.0856753587722778
Si_46-1551,1.1446,1.133827567100525
Si_46-1552,1.1675,1.1516308784484863
Si_46-1555,1.1600,1.151954174041748
Si_46-1556,1.1455,1.1201026439666748
Si_46-1560,1.2059,1.1856791973114014
Si_46-1563,1.1830,1.165164828300476
Si_46-1565,1.0903,1.107556700706482
Si_46-1566,1.1512,1.1468396186828613
Si_46-1567,1.1519,1.1421332359313965
Si_46-1568,1.2197,1.1949870586395264
Si_46-157,1.0523,1.0573652982711792
Si_46-1572,1.1482,1.1597483158111572
Si_46-1573,1.1404,1.1268084049224854
Si_46-1576,1.1798,1.15737783908844
Si_46-1577,1.1093,1.1153889894485474
Si_46-1578,1.0520,1.1032882928848267
Si_46-1579,1.0681,1.084100604057312
Si_46-1582,1.1105,1.1200356483459473
Si_46-1584,1.1311,1.1139261722564697
Si_46-1586,1.0864,1.0932981967926025
Si_46-1589,1.1219,1.1025164127349854
Si_46-1591,1.0776,1.09726881980896
Si_46-1592,1.1572,1.1790608167648315
Si_46-1593,1.1196,1.1043838262557983
Si_46-1594,1.1516,1.179244041442871
Si_46-1596,1.1858,1.163650393486023
Si_46-1599,1.1136,1.0901548862457275
Si_46-16,1.0287,1.0302445888519287
Si_46-160,1.0744,1.0763131380081177
Si_46-1601,1.1565,1.1503136157989502
Si_46-1602,1.2275,1.2150400876998901
Si_46-1603,1.2011,1.158668875694275
Si_46-1607,1.1571,1.146647334098816
Si_46-1609,1.1313,1.1434193849563599
Si_46-161,1.0586,1.0448744297027588
Si_46-1611,1.1444,1.1376601457595825
Si_46-1612,1.0802,1.1001383066177368
Si_46-1613,1.1611,1.1721174716949463
Si_46-1614,1.0246,1.06056547164917
Si_46-1615,1.1221,1.1475648880004883
Si_46-1616,1.1249,1.1181666851043701
Si_46-1619,1.1385,1.1278597116470337
Si_46-162,1.0433,1.0486551523208618
Si_46-1621,1.1588,1.1466028690338135
Si_46-1624,1.1450,1.1222931146621704
Si_46-1627,1.2012,1.1909693479537964
Si_46-1628,1.1393,1.1608575582504272
Si_46-163,1.0705,1.0638881921768188
Si_46-1631,1.2126,1.2009745836257935
Si_46-1633,1.2059,1.1669793128967285
Si_46-1634,1.1889,1.1614631414413452
Si_46-1637,1.1146,1.1080985069274902
Si_46-1638,1.1898,1.1583278179168701
Si_46-1642,1.0841,1.10170578956604
Si_46-1643,1.1479,1.090376615524292
Si_46-1644,1.1799,1.162429690361023
Si_46-1653,1.1600,1.1796791553497314
Si_46-1657,1.1771,1.1628632545471191
Si_46-1658,1.1492,1.1723109483718872
Si_46-166,1.0474,1.0351762771606445
Si_46-1661,1.1355,1.1428351402282715
Si_46-1662,1.1481,1.1578993797302246
Si_46-1669,1.1365,1.1425553560256958
Si_46-167,1.0578,1.054386019706726
Si_46-1671,1.1535,1.1558079719543457
Si_46-1672,1.0597,1.0496233701705933
Si_46-1675,1.1598,1.1457476615905762
Si_46-1676,1.1082,1.113374948501587
Si_46-1677,1.1251,1.1175376176834106
Si_46-1678,1.1213,1.1012194156646729
Si_46-168,1.0365,1.036159634590149
Si_46-1680,1.0993,1.0933411121368408
Si_46-1682,1.1746,1.1412864923477173
Si_46-1683,1.1453,1.121047854423523
Si_46-1684,1.1641,1.1502691507339478
Si_46-1687,1.0347,1.0244858264923096
Si_46-169,1.0544,1.0539472103118896
Si_46-1692,1.1764,1.175026774406433
Si_46-1694,1.2060,1.2010453939437866
Si_46-1696,1.0761,1.1264708042144775
Si_46-1698,1.2170,1.1729938983917236
Si_46-17,1.0425,1.0287153720855713
Si_46-170,1.0840,1.0800031423568726
Si_46-1702,1.1578,1.150274395942688
Si_46-171,1.0447,1.0396455526351929
Si_46-1710,1.1435,1.1348737478256226
Si_46-1713,1.1578,1.177491307258606
Si_46-1714,1.1475,1.1511117219924927
Si_46-1715,1.1392,1.1142168045043945
Si_46-1718,1.1387,1.163833498954773
Si_46-1719,1.2552,1.2266966104507446
Si_46-1720,1.1645,1.1215133666992188
Si_46-1722,1.1776,1.1625561714172363
Si_46-1723,1.2503,1.2145147323608398
Si_46-1726,1.1069,1.1290711164474487
Si_46-1730,1.1321,1.121359944343567
Si_46-1731,1.2223,1.206076979637146
Si_46-1732,1.1489,1.1707875728607178
Si_46-1733,1.2038,1.1910771131515503
Si_46-1734,1.0487,1.0467333793640137
Si_46-1735,1.1477,1.149385690689087
Si_46-1736,1.1231,1.1009413003921509
Si_46-1737,1.2459,1.2396070957183838
Si_46-1738,1.1910,1.1744776964187622
Si_46-1740,1.1071,1.1146800518035889
Si_46-1743,1.1928,1.1518036127090454
Si_46-1745,1.1514,1.1840864419937134
Si_46-1748,1.1456,1.164509892463684
Si_46-1751,1.1830,1.1392143964767456
Si_46-1752,1.1338,1.1501924991607666
Si_46-1753,1.2062,1.2039209604263306
Si_46-1754,1.1725,1.1973388195037842
Si_46-1755,1.1296,1.144227147102356
Si_46-1757,1.1119,1.0850801467895508
Si_46-176,1.0427,1.053780198097229
Si_46-1761,1.1943,1.1789616346359253
Si_46-1762,1.2060,1.1771860122680664
Si_46-1763,1.1147,1.1518676280975342
Si_46-1764,1.2589,1.2288967370986938
Si_46-1766,1.1734,1.14833402633667
Si_46-1767,1.1422,1.1348159313201904
Si_46-1768,1.1252,1.1017736196517944
Si_46-177,1.0380,1.0342366695404053
Si_46-1770,1.0951,1.0764005184173584
Si_46-1771,1.1354,1.1311229467391968
Si_46-1773,1.2094,1.1978583335876465
Si_46-1774,1.1663,1.1530308723449707
Si_46-1775,1.1216,1.138886570930481
Si_46-1776,1.1292,1.0962789058685303
Si_46-1779,1.1810,1.151397943496704
Si_46-178,1.0543,1.053869605064392
Si_46-1780,1.1064,1.1049658060073853
Si_46-1781,1.1408,1.1621832847595215
Si_46-1782,1.1992,1.1659295558929443
Si_46-1784,1.1095,1.108166217803955
Si_46-1789,1.1680,1.1295362710952759
Si_46-179,1.0778,1.0725550651550293
Si_46-1790,1.1345,1.131557583808899
Si_46-1791,1.1762,1.1490017175674438
Si_46-1793,1.2338,1.2271912097930908
Si_46-1796,1.1841,1.196881651878357
Si_46-1799,1.2090,1.1724300384521484
Si_46-1801,1.1314,1.150738000869751
Si_46-1802,1.1808,1.171435832977295
Si_46-1806,1.2481,1.2018523216247559
Si_46-1807,1.1413,1.1641724109649658
Si_46-181,1.0203,1.0183382034301758
Si_46-1812,1.1609,1.1620004177093506
Si_46-1817,1.1473,1.1433143615722656
Si_46-1818,1.1882,1.1639678478240967
Si_46-1819,1.1405,1.1310538053512573
Si_46-1821,1.1947,1.1684507131576538
Si_46-1829,1.1850,1.1605685949325562
Si_46-1834,1.1995,1.1788175106048584
Si_46-1835,1.1367,1.1170886754989624
Si_46-1836,1.1056,1.10898756980896
Si_46-1839,1.1687,1.1729769706726074
Si_46-1841,1.1130,1.1069653034210205
Si_46-1843,1.1523,1.1264415979385376
Si_46-1844,1.1741,1.15705144405365
Si_46-1845,1.1650,1.1335541009902954
Si_46-1847,1.1563,1.1273785829544067
Si_46-1851,1.1543,1.1135042905807495
Si_46-1853,1.1573,1.1435238122940063
Si_46-1854,1.1459,1.13668692111969
Si_46-1855,1.1761,1.14333975315094
Si_46-1856,1.1367,1.0959433317184448
Si_46-1858,1.1461,1.1629197597503662
Si_46-1859,1.1870,1.1799598932266235
Si_46-1861,1.1661,1.1371095180511475
Si_46-1862,1.1526,1.1429373025894165
Si_46-1864,1.2371,1.2188053131103516
Si_46-1866,1.1883,1.177884817123413
Si_46-1869,1.1766,1.1657038927078247
Si_46-187,1.0524,1.0477443933486938
Si_46-1872,1.1683,1.1509851217269897
Si_46-1874,1.1348,1.1318087577819824
Si_46-1875,1.1228,1.0974807739257812
Si_46-1877,1.1668,1.1194512844085693
Si_46-1879,1.2507,1.221000075340271
Si_46-188,1.0593,1.0581287145614624
Si_46-1880,1.1698,1.1589823961257935
Si_46-1881,1.2241,1.2303180694580078
Si_46-1882,1.1526,1.0878019332885742
Si_46-1885,1.1425,1.1640496253967285
Si_46-1886,1.1819,1.165749430656433
Si_46-1889,1.1898,1.1319952011108398
Si_46-189,1.0436,1.0564178228378296
Si_46-1890,1.1699,1.1635375022888184
Si_46-1891,1.1997,1.1932148933410645
Si_46-1894,1.1213,1.118927001953125
Si_46-1897,1.2099,1.184819221496582
Si_46-1898,1.1331,1.1554254293441772
Si_46-1899,1.1229,1.1104717254638672
Si_46-1905,1.1937,1.207857370376587
Si_46-1907,1.2049,1.18156898021698
Si_46-1909,1.2275,1.2366392612457275
Si_46-191,1.0492,1.0490702390670776
Si_46-1910,1.1526,1.1317507028579712
Si_46-1911,1.1135,1.1340038776397705
Si_46-1912,1.1826,1.1346012353897095
Si_46-1913,1.1358,1.1140066385269165
Si_46-1916,1.1270,1.1100953817367554
Si_46-1917,1.1598,1.1485657691955566
Si_46-192,1.0511,1.0475964546203613
Si_46-1922,1.1103,1.1370413303375244
Si_46-1924,1.1465,1.1957463026046753
Si_46-193,1.0671,1.06722092628479
Si_46-1930,1.1147,1.1621214151382446
Si_46-1932,1.1713,1.1948164701461792
Si_46-1934,1.1225,1.1147429943084717
Si_46-1936,1.1586,1.1688745021820068
Si_46-1937,1.1636,1.1453737020492554
Si_46-1938,1.1773,1.1583664417266846
Si_46-1939,1.1500,1.1274067163467407
Si_46-1940,1.1629,1.1701184511184692
Si_46-1942,1.1611,1.1675471067428589
Si_46-1944,1.2148,1.1640307903289795
Si_46-1946,1.1230,1.1675281524658203
Si_46-1947,1.1106,1.1386605501174927
Si_46-1951,1.1487,1.1565964221954346
Si_46-1952,1.1560,1.2060915231704712
Si_46-1954,1.1827,1.1652085781097412
Si_46-1956,1.2201,1.2327381372451782
Si_46-1958,1.2127,1.2138094902038574
Si_46-1959,1.2104,1.1926335096359253
Si_46-196,1.0554,1.0545289516448975
Si_46-1960,1.0376,1.0571551322937012
Si_46-1961,1.2449,1.2465319633483887
Si_46-1962,1.2022,1.1799689531326294
Si_46-1967,1.1544,1.1277573108673096
Si_46-197,1.0256,1.03498375415802
Si_46-1971,1.0751,1.1161723136901855
Si_46-1972,1.1719,1.1948965787887573
Si_46-1974,1.1420,1.1193485260009766
Si_46-1978,1.2148,1.207461953163147
Si_46-1979,1.0674,1.1022425889968872
Si_46-198,1.0431,1.0481692552566528
Si_46-1980,1.1472,1.1302134990692139
Si_46-1982,1.1798,1.1766812801361084
Si_46-1984,1.1444,1.139538288116455
Si_46-1985,1.1918,1.200823426246643
Si_46-1986,1.2074,1.176806092262268
Si_46-1987,1.1769,1.151834487915039
Si_46-1989,1.1475,1.1464943885803223
Si_46-1991,1.1701,1.1669155359268188
Si_46-1993,1.0780,1.0506858825683594
Si_46-1996,1.1365,1.1447701454162598
Si_46-1997,1.1750,1.1543837785720825
Si_46-1998,1.1734,1.1701549291610718
Si_46-2,1.0318,1.0316799879074097
Si_46-20,1.0273,1.0285024642944336
Si_46-2000,1.1779,1.1778548955917358
Si_46-2001,1.0872,1.1014857292175293
Si_46-2005,1.1752,1.161088466644287
Si_46-2010,1.1923,1.2039721012115479
Si_46-2014,1.0905,1.0772111415863037
Si_46-2015,1.2125,1.1983548402786255
Si_46-2016,1.1713,1.172277808189392
Si_46-2017,1.1809,1.1567331552505493
Si_46-2018,1.1111,1.1079760789871216
Si_46-2021,1.2740,1.2319836616516113
Si_46-2029,1.1666,1.1617318391799927
Si_46-203,1.0582,1.0591520071029663
Si_46-2031,1.1335,1.1052310466766357
Si_46-2032,1.1099,1.102792739868164
Si_46-2033,1.1317,1.1407692432403564
Si_46-2034,1.1147,1.1207205057144165
Si_46-2037,1.1393,1.1557725667953491
Si_46-2039,1.0277,1.0604426860809326
Si_46-2044,1.1777,1.1411118507385254
Si_46-2045,1.1665,1.1331677436828613
Si_46-2046,1.1575,1.1571979522705078
Si_46-2049,1.1505,1.1509472131729126
Si_46-205,1.0830,1.0732665061950684
Si_46-2050,1.1797,1.172206163406372
Si_46-2053,1.2256,1.194175124168396
Si_46-2054,1.1568,1.169289231300354
Si_46-2056,1.1733,1.172342300415039
Si_46-2060,1.1952,1.2048248052597046
Si_46-2061,1.1526,1.1544450521469116
Si_46-2062,1.2648,1.223764181137085
Si_46-2063,1.1828,1.1939839124679565
Si_46-2066,1.1780,1.1578657627105713
Si_46-2068,1.1117,1.1372144222259521
Si_46-2069,1.1908,1.1705423593521118
Si_46-207,1.0372,1.0394622087478638
Si_46-2070,1.2246,1.2148312330245972
Si_46-2071,1.2764,1.2259478569030762
Si_46-2074,1.1448,1.142784833908081
Si_46-2075,1.1661,1.1732038259506226
Si_46-2076,1.1581,1.143080234527588
Si_46-2078,1.0532,1.1009362936019897
Si_46-208,1.0130,1.025085210800171
Si_46-2080,1.1562,1.1541012525558472
Si_46-2081,1.1853,1.1659157276153564
Si_46-2083,1.1689,1.1666384935379028
Si_46-2085,1.3110,1.2837822437286377
Si_46-2086,1.1683,1.1698920726776123
Si_46-2087,1.1446,1.156527042388916
Si_46-2088,1.2288,1.2390131950378418
Si_46-2091,1.1907,1.1951189041137695
Si_46-2096,1.2629,1.2201716899871826
Si_46-2099,1.0990,1.1097142696380615
Si_46-21,1.0822,1.0702790021896362
Si_46-2100,1.2489,1.2086714506149292
Si_46-2104,1.1744,1.1585912704467773
Si_46-2107,1.1327,1.1525496244430542
Si_46-2108,1.1631,1.1583960056304932
Si_46-2111,1.1175,1.115134835243225
Si_46-2112,1.1686,1.1301860809326172
Si_46-2115,1.1997,1.1390219926834106
Si_46-2119,1.2391,1.1920320987701416
Si_46-212,1.0815,1.0820082426071167
Si_46-2120,1.1524,1.1555968523025513
Si_46-2124,1.1793,1.1615240573883057
Si_46-2125,1.2385,1.2424860000610352
Si_46-2126,1.1320,1.1437126398086548
Si_46-2127,1.2276,1.2397940158843994
Si_46-213,1.0346,1.0336304903030396
Si_46-2130,1.1666,1.1434189081192017
Si_46-2133,1.2324,1.2349305152893066
Si_46-2134,1.1372,1.1717159748077393
Si_46-2135,1.1455,1.1358386278152466
Si_46-2137,1.1709,1.2030493021011353
Si_46-2138,1.1426,1.1692575216293335
Si_46-2139,1.1497,1.172349452972412
Si_46-2143,1.1743,1.137489914894104
Si_46-2146,1.1996,1.1900439262390137
Si_46-2149,1.1755,1.2200567722320557
Si_46-2150,1.1334,1.124456763267517
Si_46-2152,1.2481,1.2179237604141235
Si_46-2154,1.2154,1.2535021305084229
Si_46-2155,1.1531,1.1544146537780762
Si_46-2156,1.2164,1.1773086786270142
Si_46-2157,1.1786,1.167659878730774
Si_46-2158,1.1728,1.1905126571655273
Si_46-2159,1.0898,1.1283224821090698
Si_46-2164,1.0756,1.073980689048767
Si_46-2165,1.2279,1.2075127363204956
Si_46-2166,1.1390,1.1183290481567383
Si_46-2167,1.1288,1.11231529712677
Si_46-2168,1.1591,1.1807986497879028
Si_46-2169,1.1569,1.1410130262374878
Si_46-2171,1.1909,1.1726104021072388
Si_46-2172,1.0834,1.132020354270935
Si_46-2174,1.1566,1.1649407148361206
Si_46-2176,1.1300,1.1711286306381226
Si_46-218,1.0742,1.0691354274749756
Si_46-2181,1.1754,1.131622076034546
Si_46-2182,1.1484,1.1425355672836304
Si_46-2184,1.1753,1.1636804342269897
Si_46-2185,1.2311,1.228895664215088
Si_46-2189,1.2672,1.2270700931549072
Si_46-2190,1.1349,1.144575834274292
Si_46-2191,1.1781,1.1369894742965698
Si_46-2194,1.2692,1.2612645626068115
Si_46-2195,1.2427,1.1960241794586182
Si_46-2196,1.1986,1.1755057573318481
Si_46-2198,1.2123,1.1996920108795166
Si_46-22,1.0441,1.0434950590133667
Si_46-2200,1.1782,1.185314416885376
Si_46-2201,1.1910,1.167708396911621
Si_46-2202,1.1269,1.1396372318267822
Si_46-2203,1.2037,1.1886837482452393
Si_46-2204,1.2527,1.2309445142745972
Si_46-2207,1.1727,1.1616544723510742
Si_46-2211,1.1351,1.1664516925811768
Si_46-2212,1.2239,1.2409852743148804
Si_46-2213,1.1816,1.164130687713623
Si_46-2214,1.1081,1.1264171600341797
Si_46-2216,1.1551,1.1986560821533203
Si_46-222,1.0760,1.063693642616272
Si_46-2220,1.2019,1.2281067371368408
Si_46-2221,1.1564,1.1751372814178467
Si_46-2223,1.1206,1.1027307510375977
Si_46-2226,1.1976,1.1656348705291748
Si_46-2228,1.1361,1.1447603702545166
Si_46-223,1.0523,1.0618786811828613
Si_46-2232,1.1230,1.123416781425476
Si_46-2234,1.1545,1.197663426399231
Si_46-2235,1.1989,1.1800737380981445
Si_46-2236,1.2085,1.1992361545562744
Si_46-2237,1.2693,1.2582848072052002
Si_46-2238,1.1977,1.181361198425293
Si_46-2239,1.1491,1.156622290611267
Si_46-224,1.0256,1.0322749614715576
Si_46-2240,1.1575,1.1396650075912476
Si_46-2242,1.1683,1.17231023311615
Si_46-2244,1.1682,1.140550971031189
Si_46-2245,1.1672,1.1595163345336914
Si_46-2246,1.1628,1.1745625734329224
Si_46-2248,1.1280,1.1700987815856934
Si_46-2254,1.2027,1.2142020463943481
Si_46-226,1.0424,1.0428657531738281
Si_46-2261,1.2414,1.229690670967102
Si_46-2262,1.1778,1.1448676586151123
Si_46-2264,1.2526,1.2219586372375488
Si_46-2265,1.1990,1.186635136604309
Si_46-2267,1.1350,1.137328863143921
Si_46-2268,1.2174,1.1684207916259766
Si_46-2269,1.1850,1.1667441129684448
Si_46-2270,1.2075,1.1926816701889038
Si_46-2273,1.1850,1.1380085945129395
Si_46-2276,1.1568,1.1824167966842651
Si_46-2278,1.2257,1.189793586730957
Si_46-2281,1.1365,1.1311157941818237
Si_46-2283,1.1731,1.1511626243591309
Si_46-2284,1.1652,1.1522153615951538
Si_46-2285,1.1991,1.1899019479751587
Si_46-2286,1.1763,1.1882072687149048
Si_46-2287,1.1783,1.1674796342849731
Si_46-2288,1.2457,1.2004655599594116
Si_46-2289,1.1515,1.1405874490737915
Si_46-229,1.0933,1.0919855833053589
Si_46-2290,1.1942,1.2021310329437256
Si_46-2292,1.1579,1.1394153833389282
Si_46-2295,1.1773,1.1918822526931763
Si_46-2296,1.2549,1.2362217903137207
Si_46-2297,1.1762,1.1510294675827026
Si_46-23,1.0508,1.0424306392669678
Si_46-2301,1.2220,1.2028160095214844
Si_46-2302,1.1064,1.0891762971878052
Si_46-2303,1.1916,1.1535489559173584
Si_46-2305,1.2515,1.2314728498458862
Si_46-2307,1.1556,1.1507195234298706
Si_46-2308,1.2182,1.2005926370620728
Si_46-2309,1.1363,1.1234984397888184
Si_46-2310,1.0997,1.1211336851119995
Si_46-2313,1.2321,1.2270185947418213
Si_46-2314,1.1772,1.1529662609100342
Si_46-2315,1.2373,1.1827112436294556
Si_46-2317,1.2530,1.236734390258789
Si_46-2319,1.1374,1.167567491531372
Si_46-232,1.0569,1.0381466150283813
Si_46-2322,1.1064,1.136328101158142
Si_46-2324,1.1282,1.1651501655578613
Si_46-2325,1.2216,1.184258222579956
Si_46-2326,1.2274,1.234405755996704
Si_46-2329,1.1956,1.1561745405197144
Si_46-2331,1.1228,1.1203752756118774
Si_46-2332,1.2223,1.1872804164886475
Si_46-2333,1.1349,1.133257508277893
Si_46-2337,1.1606,1.1677900552749634
Si_46-2339,1.1894,1.152647852897644
Si_46-2340,1.1418,1.1696501970291138
Si_46-2341,1.2419,1.2690356969833374
Si_46-2342,1.1875,1.196846842765808
Si_46-2344,1.2017,1.177435040473938
Si_46-2346,1.2487,1.2315539121627808
Si_46-2351,1.1823,1.173454761505127
Si_46-2352,1.1358,1.153903841972351
Si_46-2355,1.1872,1.1490203142166138
Si_46-2356,1.2363,1.2035640478134155
Si_46-2358,1.2001,1.2071729898452759
Si_46-2359,1.2169,1.2577056884765625
Si_46-236,1.0421,1.039215087890625
Si_46-2360,1.2414,1.2196019887924194
Si_46-2361,1.2607,1.2308968305587769
Si_46-2364,1.1300,1.1358264684677124
Si_46-2365,1.2836,1.259587287902832
Si_46-2366,1.2849,1.2700254917144775
Si_46-2373,1.1203,1.144254207611084
Si_46-2374,1.2428,1.2235151529312134
Si_46-2375,1.0844,1.0796445608139038
Si_46-2376,1.2058,1.1774464845657349
Si_46-2378,1.1143,1.1474275588989258
Si_46-2379,1.1857,1.1956411600112915
Si_46-2380,1.2338,1.220932126045227
Si_46-2382,1.1425,1.1192444562911987
Si_46-2385,1.1476,1.1510519981384277
Si_46-239,1.0790,1.0698574781417847
Si_46-2391,1.1929,1.1872200965881348
Si_46-2396,1.0899,1.102221965789795
Si_46-2397,1.0966,1.103742003440857
Si_46-2398,1.2359,1.206455945968628
Si_46-24,1.0507,1.0497410297393799
Si_46-240,1.0645,1.0610522031784058
Si_46-2401,1.2277,1.2257634401321411
Si_46-2402,1.2248,1.1904773712158203
Si_46-2404,1.1810,1.1540470123291016
Si_46-2407,1.2314,1.1826585531234741
Si_46-2408,1.1572,1.1428990364074707
Si_46-241,1.0658,1.0594661235809326
Si_46-2410,1.2352,1.236802577972412
Si_46-2413,1.2004,1.1915152072906494
Si_46-2415,1.1963,1.200821042060852
Si_46-2417,1.2247,1.2580831050872803
Si_46-2419,1.2016,1.1877539157867432
Si_46-2424,1.2240,1.2070542573928833
Si_46-2425,1.1647,1.1883008480072021
Si_46-2426,1.1861,1.185503363609314
Si_46-2427,1.1779,1.1658666133880615
Si_46-2428,1.1797,1.148152232170105
Si_46-2429,1.2022,1.2186471223831177
Si_46-2432,1.2287,1.216284990310669
Si_46-2434,1.2022,1.2237160205841064
Si_46-2437,1.1330,1.1353987455368042
Si_46-2441,1.2280,1.2155547142028809
Si_46-2443,1.2649,1.2506681680679321
Si_46-2444,1.2809,1.222480058670044
Si_46-2446,1.2000,1.2071961164474487
Si_46-2448,1.2214,1.214711308479309
Si_46-245,1.0826,1.0722569227218628
Si_46-2451,1.2376,1.1780195236206055
Si_46-2452,1.1841,1.1800934076309204
Si_46-2453,1.2088,1.18233060836792
Si_46-2454,1.1819,1.1531473398208618
Si_46-2456,1.2119,1.1728341579437256
Si_46-2457,1.3421,1.2925101518630981
Si_46-2459,1.2540,1.264499545097351
Si_46-2460,1.2170,1.1987345218658447
Si_46-2462,1.1948,1.1384291648864746
Si_46-2467,1.1488,1.1117702722549438
Si_46-2469,1.1071,1.1154900789260864
Si_46-2470,1.2661,1.2401155233383179
Si_46-2471,1.2331,1.2517776489257812
Si_46-2473,1.2151,1.2320833206176758
Si_46-2474,1.1745,1.192657709121704
Si_46-2475,1.2461,1.2721234560012817
Si_46-2477,1.2249,1.2475851774215698
Si_46-2478,1.2465,1.2407326698303223
Si_46-2479,1.2066,1.1784369945526123
Si_46-248,1.0488,1.051843523979187
Si_46-2480,1.1028,1.132104516029358
Si_46-2481,1.1726,1.1978145837783813
Si_46-2482,1.2716,1.2590141296386719
Si_46-2483,1.1003,1.11572265625
Si_46-2486,1.2324,1.2101752758026123
Si_46-2487,1.2985,1.2478786706924438
Si_46-2488,1.2561,1.2258317470550537
Si_46-2489,1.1860,1.178562879562378
Si_46-249,1.0626,1.0741605758666992
Si_46-2490,1.2175,1.256974697113037
Si_46-2491,1.2719,1.2557451725006104
Si_46-2493,1.2157,1.1829395294189453
Si_46-2494,1.2122,1.172837734222412
Si_46-2495,1.2278,1.1935667991638184
Si_46-2497,1.1922,1.2000863552093506
Si_46-2498,1.1561,1.1712478399276733
Si_46-25,1.0258,1.039944052696228
Si_46-250,1.0724,1.0811512470245361
Si_46-2502,1.1449,1.1638500690460205
Si_46-2505,1.1587,1.1792908906936646
Si_46-2508,1.2736,1.244861364364624
Si_46-2509,1.1869,1.1919466257095337
Si_46-2510,1.2171,1.2096548080444336
Si_46-2511,1.2158,1.2155510187149048
Si_46-2513,1.2454,1.2673556804656982
Si_46-2517,1.1352,1.1413601636886597
Si_46-2518,1.2546,1.2396481037139893
Si_46-2519,1.2691,1.2626783847808838
Si_46-252,1.0420,1.0330605506896973
Si_46-2520,1.2288,1.2072001695632935
Si_46-2522,1.2651,1.2416313886642456
Si_46-2524,1.0188,1.072141408920288
Si_46-2527,1.3222,1.3137526512145996
Si_46-2528,1.2303,1.2349942922592163
Si_46-253,1.0820,1.0729807615280151
Si_46-2531,1.2693,1.2688727378845215
Si_46-2532,1.1122,1.155650019645691
Si_46-2536,1.2155,1.2124040126800537
Si_46-2537,1.1942,1.1511118412017822
Si_46-2539,1.2463,1.239585280418396
Si_46-2540,1.2013,1.1889197826385498
Si_46-2542,1.2756,1.2480767965316772
Si_46-2544,1.1932,1.1793423891067505
Si_46-2545,1.1783,1.168063759803772
Si_46-2548,1.2001,1.2112348079681396
Si_46-2549,1.0980,1.1343687772750854
Si_46-255,1.0857,1.0676945447921753
Si_46-2550,1.1913,1.1730904579162598
Si_46-2555,1.2603,1.2480494976043701
Si_46-2556,1.1665,1.131565809249878
Si_46-2557,1.2191,1.1856379508972168
Si_46-2559,1.2191,1.1937620639801025
Si_46-2560,1.1570,1.1546651124954224
Si_46-2561,1.3169,1.3052089214324951
Si_46-2565,1.1932,1.1921526193618774
Si_46-257,1.1066,1.0910744667053223
Si_46-2574,1.1535,1.161225438117981
Si_46-2577,1.2219,1.1965161561965942
Si_46-2578,1.2601,1.2275930643081665
Si_46-2579,1.1730,1.2184778451919556
Si_46-2580,1.2165,1.1926746368408203
Si_46-2581,1.2244,1.2128814458847046
Si_46-2584,1.2732,1.2273296117782593
Si_46-2585,1.2355,1.2142685651779175
Si_46-2588,1.1987,1.1492408514022827
Si_46-2592,1.2474,1.2363579273223877
Si_46-2594,1.1836,1.16444730758667
Si_46-2595,1.1602,1.1498738527297974
Si_46-2598,1.1766,1.1459238529205322
Si_46-2599,1.1354,1.1714943647384644
Si_46-260,1.0941,1.0810966491699219
Si_46-2600,1.2539,1.234139323234558
Si_46-2601,1.1611,1.1214796304702759
Si_46-2602,1.2473,1.2617902755737305
Si_46-2604,1.1873,1.1908811330795288
Si_46-2605,1.2752,1.2564406394958496
Si_46-2607,1.2483,1.2516586780548096
Si_46-2613,1.2013,1.1926392316818237
Si_46-2614,1.1185,1.219928503036499
Si_46-2615,1.1697,1.1645957231521606
Si_46-2616,1.2033,1.1839797496795654
Si_46-2619,1.2803,1.2713974714279175
Si_46-262,1.0675,1.0547136068344116
Si_46-2620,1.2540,1.2189618349075317
Si_46-2623,1.3067,1.2583954334259033
Si_46-2625,1.2797,1.2347807884216309
Si_46-2628,1.2371,1.198001742362976
Si_46-263,1.0232,1.0399836301803589
Si_46-2630,1.2117,1.1992528438568115
Si_46-2631,1.2307,1.2232695817947388
Si_46-2632,1.2531,1.2597229480743408
Si_46-2633,1.2309,1.188399076461792
Si_46-2634,1.1784,1.168884515762329
Si_46-2637,1.1966,1.2127790451049805
Si_46-2638,1.1886,1.1868816614151
Si_46-2644,1.1610,1.1587984561920166
Si_46-2647,1.2229,1.205061674118042
Si_46-2648,1.2206,1.1783905029296875
Si_46-2650,1.1715,1.2091068029403687
Si_46-2652,1.0783,1.135218620300293
Si_46-2653,1.2759,1.2445087432861328
Si_46-2655,1.1570,1.160653829574585
Si_46-2656,1.2999,1.2763571739196777
Si_46-2658,1.2434,1.2011111974716187
Si_46-266,1.0993,1.0971864461898804
Si_46-2662,1.1972,1.166556477546692
Si_46-2665,1.2141,1.2024201154708862
Si_46-2668,1.1962,1.2013460397720337
Si_46-267,1.0610,1.0691593885421753
Si_46-2670,1.2062,1.1650099754333496
Si_46-2671,1.0949,1.1125494241714478
Si_46-2673,1.2453,1.189473032951355
Si_46-2675,1.2302,1.2377946376800537
Si_46-2677,1.1901,1.1972261667251587
Si_46-2679,1.1825,1.1704938411712646
Si_46-268,1.0596,1.0562056303024292
Si_46-2680,1.2539,1.216052532196045
Si_46-2682,1.1985,1.1529996395111084
Si_46-2683,1.2036,1.212410569190979
Si_46-2684,1.2345,1.2338597774505615
Si_46-2685,1.2493,1.2456345558166504
Si_46-2686,1.1527,1.1665540933609009
Si_46-2689,1.2558,1.2628252506256104
Si_46-2691,1.0804,1.1302406787872314
Si_46-2694,1.1834,1.1695088148117065
Si_46-2697,1.2553,1.2045272588729858
Si_46-2698,1.2722,1.263709306716919
Si_46-2699,1.2141,1.2080621719360352
Si_46-270,1.0698,1.056778073310852
Si_46-2700,1.1949,1.2056150436401367
Si_46-2702,1.1576,1.2020479440689087
Si_46-2703,1.1709,1.1593232154846191
Si_46-2705,1.1070,1.147937536239624
Si_46-2709,1.2050,1.1583356857299805
Si_46-2710,1.1575,1.152992844581604
Si_46-2711,1.2689,1.2074358463287354
Si_46-2712,1.2107,1.2317044734954834
Si_46-2713,1.2196,1.213796615600586
Si_46-2715,1.2064,1.229670763015747
Si_46-2716,1.2057,1.2036434412002563
Si_46-272,1.0664,1.0629825592041016
Si_46-2720,1.2047,1.1936472654342651
Si_46-2721,1.2550,1.2162246704101562
Si_46-2723,1.2288,1.2350242137908936
Si_46-2724,1.2901,1.270552158355713
Si_46-2725,1.1788,1.1736278533935547
Si_46-2727,1.1568,1.147257685661316
Si_46-2730,1.2736,1.2540085315704346
Si_46-2733,1.2010,1.1854718923568726
Si_46-2735,1.1529,1.1701520681381226
Si_46-2737,1.2784,1.213525652885437
Si_46-2738,1.2203,1.2257435321807861
Si_46-2739,1.3412,1.3141722679138184
Si_46-2740,1.2350,1.2314130067825317
Si_46-2743,1.1538,1.139684796333313
Si_46-2744,1.2059,1.1727375984191895
Si_46-2747,1.1611,1.1833041906356812
Si_46-2749,1.1431,1.152183175086975
Si_46-275,1.0862,1.0832233428955078
Si_46-2750,1.2548,1.257983922958374
Si_46-2753,1.2270,1.2138738632202148
Si_46-2764,1.1891,1.1682711839675903
Si_46-2773,1.2007,1.1586662530899048
Si_46-2774,1.0873,1.1421234607696533
Si_46-2775,1.2911,1.2626607418060303
Si_46-2776,1.1062,1.119097352027893
Si_46-2779,1.1867,1.1944403648376465
Si_46-2780,1.1907,1.1928110122680664
Si_46-2781,1.1148,1.1737717390060425
Si_46-2782,1.1809,1.159507155418396
Si_46-2783,1.2168,1.227903962135315
Si_46-2784,1.0754,1.1013048887252808
Si_46-2787,1.1758,1.1995153427124023
Si_46-2788,1.1499,1.1504366397857666
Si_46-2789,1.2109,1.1930264234542847
Si_46-279,1.0672,1.0648247003555298
Si_46-2791,1.2429,1.2272764444351196
Si_46-2793,1.1410,1.1344099044799805
Si_46-2796,1.2617,1.248817801475525
Si_46-2797,1.2080,1.1588737964630127
Si_46-2799,1.2454,1.2214912176132202
Si_46-28,1.0428,1.0391850471496582
Si_46-2803,1.1293,1.1562548875808716
Si_46-2806,1.1991,1.2040634155273438
Si_46-2807,1.2146,1.2550687789916992
Si_46-2808,1.1810,1.163449764251709
Si_46-2809,1.3075,1.2875092029571533
Si_46-281,1.0751,1.0837410688400269
Si_46-2815,1.2642,1.2336634397506714
Si_46-2816,1.2364,1.2404011487960815
Si_46-2817,1.1808,1.2418968677520752
Si_46-2818,1.2588,1.2230479717254639
Si_46-2819,1.2304,1.1742660999298096
Si_46-282,1.0464,1.0624579191207886
Si_46-2821,1.2392,1.1982470750808716
Si_46-2822,1.1894,1.1506986618041992
Si_46-2824,1.2623,1.24094820022583
Si_46-2827,1.2874,1.2410240173339844
Si_46-2829,1.2170,1.2522598505020142
Si_46-283,1.0683,1.0620521306991577
Si_46-2831,1.1278,1.1213929653167725
Si_46-2832,1.2608,1.2719311714172363
Si_46-2835,1.2366,1.2251912355422974
Si_46-2839,1.2248,1.2357707023620605
Si_46-2846,1.3643,1.3311653137207031
Si_46-2848,1.2293,1.2181979417800903
Si_46-2849,1.2071,1.2074297666549683
Si_46-2850,1.2263,1.2341947555541992
Si_46-2852,1.1803,1.1817584037780762
Si_46-2853,1.1989,1.1933836936950684
Si_46-2854,1.2932,1.255590558052063
Si_46-286,1.0843,1.0743967294692993
Si_46-2862,1.1574,1.1656450033187866
Si_46-2863,1.2272,1.1870654821395874
Si_46-2864,1.2174,1.1978566646575928
Si_46-2867,1.2253,1.2077945470809937
Si_46-2869,1.1720,1.2158920764923096
Si_46-287,1.0553,1.0681664943695068
Si_46-2872,1.2592,1.2615286111831665
Si_46-2873,1.2896,1.2532286643981934
Si_46-2874,1.1897,1.1818104982376099
Si_46-2875,1.2401,1.2265725135803223
Si_46-288,1.0677,1.0573889017105103
Si_46-2886,1.2749,1.2714580297470093
Si_46-2887,1.2713,1.2739161252975464
Si_46-2888,1.3369,1.3058640956878662
Si_46-2892,1.2273,1.2646849155426025
Si_46-2893,1.2646,1.2496925592422485
Si_46-2894,1.1974,1.2163656949996948
Si_46-2897,1.2472,1.2298784255981445
Si_46-2898,1.2739,1.2695971727371216
Si_46-29,1.0478,1.049538016319275
Si_46-290,1.0999,1.0885961055755615
Si_46-2905,1.2369,1.2231824398040771
Si_46-2906,1.2295,1.2063164710998535
Si_46-291,1.0805,1.0720502138137817
Si_46-2913,1.1805,1.1526411771774292
Si_46-2916,1.2553,1.2394503355026245
Si_46-2919,1.2147,1.2140158414840698
Si_46-292,1.0770,1.0739108324050903
Si_46-2922,1.1723,1.199965000152588
Si_46-2925,1.2380,1.2059131860733032
Si_46-2926,1.3455,1.3034287691116333
Si_46-2927,1.2424,1.2744526863098145
Si_46-2928,1.2681,1.2713626623153687
Si_46-2929,1.2004,1.1856060028076172
Si_46-293,1.0747,1.0625293254852295
Si_46-2934,1.2973,1.2657454013824463
Si_46-2936,1.2120,1.1651289463043213
Si_46-2937,1.2248,1.1746808290481567
Si_46-2939,1.2048,1.227404236793518
Si_46-294,1.0479,1.0394399166107178
Si_46-2940,1.2289,1.2424150705337524
Si_46-2942,1.0817,1.1578911542892456
Si_46-2943,1.2260,1.2459520101547241
Si_46-2945,1.2587,1.2419371604919434
Si_46-2947,1.1986,1.1886951923370361
Si_46-2949,1.3075,1.2638070583343506
Si_46-295,1.1027,1.0872828960418701
Si_46-2950,1.2925,1.299400806427002
Si_46-2952,1.1810,1.151577115058899
Si_46-2955,1.2562,1.2725510597229004
Si_46-2957,1.2263,1.1946992874145508
Si_46-2958,1.2966,1.302384614944458
Si_46-2960,1.2596,1.2508286237716675
Si_46-2963,1.2784,1.2457634210586548
Si_46-2972,1.1829,1.1555076837539673
Si_46-2973,1.2255,1.2202142477035522
Si_46-2977,1.2556,1.2339729070663452
Si_46-2978,1.2204,1.2148444652557373
Si_46-2979,1.2744,1.2158774137496948
Si_46-298,1.0765,1.0724068880081177
Si_46-2982,1.2225,1.2515578269958496
Si_46-2985,1.2565,1.2799397706985474
Si_46-2986,1.2169,1.2618370056152344
Si_46-2988,1.1735,1.180528163909912
Si_46-2990,1.1977,1.2256792783737183
Si_46-2993,1.2127,1.1938384771347046
Si_46-2995,1.1872,1.2081397771835327
Si_46-2999,1.2813,1.3014769554138184
Si_46-30,1.0469,1.0498448610305786
Si_46-300,1.0706,1.0678911209106445
Si_46-3000,1.2401,1.211745262145996
Si_46-3001,1.2476,1.244300365447998
Si_46-3003,1.1818,1.1538585424423218
Si_46-3006,1.2597,1.2532658576965332
Si_46-3008,1.2886,1.25540292263031
Si_46-3010,1.1532,1.1804202795028687
Si_46-3012,1.1261,1.1774746179580688
Si_46-3013,1.2143,1.1711817979812622
Si_46-3014,1.2140,1.2429187297821045
Si_46-3018,1.1641,1.2205841541290283
Si_46-3019,1.2139,1.2331175804138184
Si_46-302,1.0817,1.061195731163025
Si_46-3020,1.2762,1.2639392614364624
Si_46-3021,1.3037,1.2998601198196411
Si_46-3022,1.2196,1.2136965990066528
Si_46-3028,1.1759,1.1884970664978027
Si_46-303,1.0803,1.088136911392212
Si_46-3030,1.2684,1.2743635177612305
Si_46-3031,1.3036,1.3000297546386719
Si_46-3032,1.2552,1.2284770011901855
Si_46-3033,1.2687,1.2356481552124023
Si_46-3034,1.2554,1.2232764959335327
Si_46-3035,1.2636,1.246597409248352
Si_46-3036,1.3262,1.3174493312835693
Si_46-3038,1.2554,1.2684177160263062
Si_46-3039,1.1076,1.1291770935058594
Si_46-3040,1.2539,1.1881004571914673
Si_46-3042,1.0745,1.1354200839996338
Si_46-3044,1.2278,1.232771396636963
Si_46-3045,1.2172,1.1660085916519165
Si_46-3047,1.2668,1.263120174407959
Si_46-3048,1.2229,1.2232950925827026
Si_46-3050,1.2046,1.2003934383392334
Si_46-3058,1.1679,1.2698527574539185
Si_46-306,1.0848,1.0803935527801514
Si_46-3061,1.2689,1.273246169090271
Si_46-3062,1.2026,1.2276394367218018
Si_46-3068,1.2013,1.1842619180679321
Si_46-307,1.0102,1.0144402980804443
Si_46-3072,1.2604,1.245331048965454
Si_46-3074,1.2212,1.1997026205062866
Si_46-3075,1.3003,1.252091407775879
Si_46-3078,1.1714,1.2201564311981201
Si_46-308,1.0141,1.0323975086212158
Si_46-3080,1.3092,1.290937900543213
Si_46-3087,1.2663,1.2544878721237183
Si_46-3088,1.2213,1.227908730506897
Si_46-3089,1.1904,1.184878945350647
Si_46-309,1.0750,1.0738470554351807
Si_46-3090,1.1882,1.170652985572815
Si_46-3091,1.2355,1.1959470510482788
Si_46-3093,1.2160,1.243192434310913
Si_46-3096,1.2789,1.2276932001113892
Si_46-31,1.0519,1.0517923831939697
Si_46-310,1.0888,1.0841602087020874
Si_46-3100,1.2225,1.2290332317352295
Si_46-3102,1.2943,1.2786200046539307
Si_46-3104,1.2198,1.2100882530212402
Si_46-3106,1.2328,1.2285950183868408
Si_46-3109,1.2586,1.2660160064697266
Si_46-3112,1.2235,1.2268935441970825
Si_46-3114,1.2627,1.2878363132476807
Si_46-3115,1.1517,1.168735146522522
Si_46-3116,1.2275,1.2710293531417847
Si_46-3117,1.2665,1.303263783454895
Si_46-3118,1.2515,1.2653603553771973
Si_46-3120,1.1981,1.1905570030212402
Si_46-3121,1.2670,1.2166132926940918
Si_46-3124,1.3016,1.2750273942947388
Si_46-3125,1.3433,1.2945737838745117
Si_46-3127,1.2153,1.207300066947937
Si_46-3128,1.2809,1.2181942462921143
Si_46-3129,1.2679,1.2835960388183594
Si_46-3131,1.2746,1.2635523080825806
Si_46-3132,1.2497,1.2246145009994507
Si_46-3134,1.2291,1.2186541557312012
Si_46-3135,1.3171,1.2596709728240967
Si_46-3136,1.2296,1.1722980737686157
Si_46-3138,1.1725,1.2165592908859253
Si_46-314,1.0375,1.0292699337005615
Si_46-3141,1.2346,1.2253293991088867
Si_46-3142,1.0879,1.1492506265640259
Si_46-3143,1.2349,1.2168684005737305
Si_46-3145,1.1732,1.1588751077651978
Si_46-315,1.0966,1.0903147459030151
Si_46-3151,1.2598,1.2548969984054565
Si_46-3153,1.2405,1.2356659173965454
Si_46-3154,1.1933,1.1918492317199707
Si_46-3156,1.2862,1.283292293548584
Si_46-3157,1.1564,1.189346194267273
Si_46-3158,1.2491,1.234163522720337
Si_46-3161,1.2488,1.2350870370864868
Si_46-3164,1.3225,1.3027418851852417
Si_46-3165,1.1615,1.2039700746536255
Si_46-3166,1.2326,1.2287876605987549
Si_46-3168,1.2923,1.2999142408370972
Si_46-317,1.0952,1.0970726013183594
Si_46-3170,1.2343,1.2148964405059814
Si_46-3171,1.1798,1.1609538793563843
Si_46-3172,1.2579,1.2612770795822144
Si_46-3173,1.2157,1.202422022819519
Si_46-3174,1.2257,1.2043726444244385
Si_46-3175,1.1484,1.1851118803024292
Si_46-3179,1.1389,1.173604130744934
Si_46-3180,1.2698,1.27792227268219
Si_46-3181,1.2506,1.246825933456421
Si_46-3183,1.2780,1.2818775177001953
Si_46-3186,1.1732,1.180038571357727
Si_46-3187,1.2825,1.2736804485321045
Si_46-3188,1.1652,1.1792082786560059
Si_46-3193,1.2799,1.2683310508728027
Si_46-3194,1.0547,1.1109412908554077
Si_46-3195,1.2341,1.247090458869934
Si_46-3197,1.1803,1.115981936454773
Si_46-3198,1.2689,1.2365461587905884
Si_46-3199,1.2406,1.2180745601654053
Si_46-320,1.1362,1.122899055480957
Si_46-3200,1.3145,1.3042585849761963
Si_46-3201,1.2006,1.224591612815857
Si_46-3204,1.2787,1.2461010217666626
Si_46-3205,1.2192,1.2002530097961426
Si_46-3206,1.2131,1.1929770708084106
Si_46-3208,1.2496,1.2492375373840332
Si_46-3209,1.2320,1.2403768301010132
Si_46-3210,1.3254,1.3110278844833374
Si_46-3211,1.1973,1.1891658306121826
Si_46-3215,1.2481,1.2471420764923096
Si_46-3218,1.2386,1.2551929950714111
Si_46-3219,1.1996,1.2507035732269287
Si_46-322,1.0599,1.0598530769348145
Si_46-3224,1.2682,1.282708764076233
Si_46-3225,1.2938,1.2536330223083496
Si_46-3226,1.2485,1.203719139099121
Si_46-3229,1.2196,1.207837700843811
Si_46-3230,1.1296,1.1842775344848633
Si_46-3231,1.2731,1.2682342529296875
Si_46-3233,1.3455,1.3052406311035156
Si_46-3234,1.1887,1.179370403289795
Si_46-3235,1.2332,1.23653244972229
Si_46-3236,1.1877,1.2132656574249268
Si_46-3237,1.2318,1.2281886339187622
Si_46-3238,1.2062,1.2427712678909302
Si_46-3242,1.2465,1.2211127281188965
Si_46-3243,1.0922,1.1132924556732178
Si_46-3244,1.2138,1.2164208889007568
Si_46-3247,1.2696,1.2812641859054565
Si_46-3248,1.3939,1.330606460571289
Si_46-325,1.1243,1.1173206567764282
Si_46-3253,1.2249,1.2418659925460815
Si_46-3254,1.2945,1.2806463241577148
Si_46-3255,1.2880,1.3127710819244385
Si_46-3257,1.3183,1.2793388366699219
Si_46-3260,1.1638,1.205615520477295
Si_46-3261,1.3419,1.318206787109375
Si_46-3265,1.2752,1.2887508869171143
Si_46-3266,1.1886,1.202936053276062
Si_46-3268,1.2661,1.3018742799758911
Si_46-327,1.0988,1.0899587869644165
Si_46-3270,1.3102,1.2698088884353638
Si_46-3275,1.2657,1.263530969619751
Si_46-3277,1.1492,1.1985783576965332
Si_46-3281,1.2215,1.2621674537658691
Si_46-3283,1.1806,1.1713626384735107
Si_46-3284,1.2005,1.2144575119018555
Si_46-3285,1.2381,1.2791664600372314
Si_46-3287,1.2796,1.2500267028808594
Si_46-3288,1.1807,1.2147421836853027
Si_46-3289,1.1952,1.2331750392913818
Si_46-329,1.0518,1.0687611103057861
Si_46-3293,1.2900,1.2529637813568115
Si_46-3295,1.2018,1.2344659566879272
Si_46-3296,1.2350,1.2638269662857056
Si_46-3297,1.1349,1.164790391921997
Si_46-3298,1.2207,1.1934362649917603
Si_46-3299,1.3120,1.262082576751709
Si_46-3302,1.2165,1.2410780191421509
Si_46-3303,1.2487,1.2384241819381714
Si_46-3307,1.2809,1.2613189220428467
Si_46-3309,1.3445,1.3049323558807373
Si_46-3310,1.2487,1.2660589218139648
Si_46-3312,1.1947,1.2254666090011597
Si_46-3313,1.2069,1.200596809387207
Si_46-3315,1.2678,1.2730001211166382
Si_46-3317,1.1545,1.180938482284546
Si_46-3318,1.2703,1.305363655090332
Si_46-3319,1.2564,1.264196515083313
Si_46-332,1.0772,1.0620968341827393
Si_46-3321,1.2311,1.2219090461730957
Si_46-3322,1.1225,1.1827445030212402
Si_46-3323,1.2472,1.230602502822876
Si_46-3325,1.2432,1.242319107055664
Si_46-3328,1.3072,1.2961958646774292
Si_46-3329,1.2752,1.2612987756729126
Si_46-333,1.0566,1.0595266819000244
Si_46-3331,1.3224,1.2946183681488037
Si_46-3332,1.3259,1.2793989181518555
Si_46-3334,1.2950,1.2887799739837646
Si_46-3335,1.3057,1.2658571004867554
Si_46-3339,1.1987,1.2372993230819702
Si_46-3341,1.2862,1.2561442852020264
Si_46-3344,1.2681,1.26006281375885
Si_46-3345,1.2135,1.245531439781189
Si_46-3346,1.2378,1.2711890935897827
Si_46-3348,1.2568,1.2675108909606934
Si_46-335,1.1065,1.102966547012329
Si_46-3350,1.2634,1.227786898612976
Si_46-3355,1.2411,1.2291982173919678
Si_46-3356,1.2473,1.283003330230713
Si_46-3359,1.2307,1.2001996040344238
Si_46-3361,1.2370,1.2270995378494263
Si_46-3365,1.1607,1.1885846853256226
Si_46-3366,1.3000,1.2952378988265991
Si_46-3369,1.2706,1.2937827110290527
Si_46-337,1.0595,1.0499311685562134
Si_46-3370,1.2924,1.2768574953079224
Si_46-3373,1.1490,1.2025901079177856
Si_46-3374,1.1270,1.1453524827957153
Si_46-3375,1.3247,1.3512548208236694
Si_46-3377,1.2074,1.206465721130371
Si_46-338,1.0837,1.0846540927886963
Si_46-3381,1.2483,1.233001708984375
Si_46-3382,1.2183,1.2014167308807373
Si_46-339,1.1106,1.1064761877059937
Si_46-3392,1.1093,1.155577301979065
Si_46-3393,1.2168,1.1914796829223633
Si_46-3394,1.2703,1.23955237865448
Si_46-3396,1.0708,1.1576383113861084
Si_46-3399,1.3486,1.3228719234466553
Si_46-34,1.0428,1.0391850471496582
Si_46-3403,1.2432,1.243882179260254
Si_46-3404,1.2188,1.2152619361877441
Si_46-3407,1.2144,1.2203611135482788
Si_46-3408,1.2853,1.2715232372283936
Si_46-3409,1.2778,1.2393602132797241
Si_46-3411,1.2190,1.2214677333831787
Si_46-3412,1.2386,1.2836346626281738
Si_46-3413,1.2473,1.2690062522888184
Si_46-3416,1.1324,1.1671096086502075
Si_46-3419,1.3664,1.3495240211486816
Si_46-342,1.0805,1.084559440612793
Si_46-3421,1.2270,1.207240104675293
Si_46-3422,1.2844,1.2697515487670898
Si_46-3423,1.2460,1.274682641029358
Si_46-3425,1.2349,1.2111155986785889
Si_46-3428,1.3597,1.3268368244171143
Si_46-3429,1.3438,1.323235273361206
Si_46-3431,1.2208,1.2240146398544312
Si_46-3432,1.2227,1.2413980960845947
Si_46-3434,1.2924,1.3006490468978882
Si_46-3435,1.1010,1.1579910516738892
Si_46-3436,1.2065,1.2279090881347656
Si_46-3437,1.1871,1.1958324909210205
Si_46-3438,1.4111,1.3615139722824097
Si_46-344,1.1050,1.0972230434417725
Si_46-3441,1.3016,1.277431845664978
Si_46-3442,1.1120,1.1265301704406738
Si_46-3444,1.1564,1.1847299337387085
Si_46-3445,1.2071,1.2138206958770752
Si_46-3447,1.3079,1.2680903673171997
Si_46-3448,1.3041,1.2755513191223145
Si_46-3451,1.2946,1.313625693321228
Si_46-3454,1.2430,1.260664463043213
Si_46-346,1.0844,1.0870455503463745
Si_46-3460,1.2586,1.295690655708313
Si_46-3464,1.1645,1.1972261667251587
Si_46-3467,1.2809,1.260582685470581
Si_46-3468,1.2396,1.2524334192276
Si_46-347,1.0772,1.0718812942504883
Si_46-3470,1.2338,1.2420791387557983
Si_46-3475,1.3254,1.300323724746704
Si_46-3476,1.2783,1.282860279083252
Si_46-348,1.1042,1.0896148681640625
Si_46-3480,1.3410,1.3079745769500732
Si_46-3481,1.2122,1.1885489225387573
Si_46-3483,1.3069,1.2922024726867676
Si_46-3484,1.2850,1.2958290576934814
Si_46-3487,1.3025,1.3051303625106812
Si_46-349,1.0672,1.069946527481079
Si_46-3490,1.2939,1.295326828956604
Si_46-3493,1.2868,1.2834070920944214
Si_46-3494,1.2666,1.2857489585876465
Si_46-3495,1.2074,1.2357863187789917
Si_46-3496,1.2571,1.2267045974731445
Si_46-3499,1.3078,1.3036304712295532
Si_46-3500,1.3305,1.2977213859558105
Si_46-3503,1.3290,1.3007280826568604
Si_46-3506,1.2020,1.2329862117767334
Si_46-3508,1.3061,1.282975435256958
Si_46-3516,1.2505,1.2669490575790405
Si_46-3519,1.2223,1.2311586141586304
Si_46-352,1.0582,1.0563421249389648
Si_46-3522,1.2870,1.2809637784957886
Si_46-3524,1.2413,1.184502124786377
Si_46-3525,1.1387,1.196282148361206
Si_46-3526,1.2561,1.261826753616333
Si_46-3527,1.2849,1.2855247259140015
Si_46-3529,1.2780,1.293360710144043
Si_46-353,1.0551,1.0620100498199463
Si_46-3530,1.2189,1.258042335510254
Si_46-3531,1.2719,1.224245548248291
Si_46-3532,1.3178,1.3186719417572021
Si_46-3534,1.2617,1.263083577156067
Si_46-3535,1.2375,1.2286227941513062
Si_46-3539,1.3126,1.297970175743103
Si_46-354,1.0567,1.0538150072097778
Si_46-3541,1.1349,1.2000858783721924
Si_46-3542,1.2245,1.2174855470657349
Si_46-3544,1.2330,1.1568185091018677
Si_46-3547,1.1699,1.1818464994430542
Si_46-3548,1.3574,1.339472770690918
Si_46-3549,1.2278,1.2448492050170898
Si_46-3550,1.2567,1.237425684928894
Si_46-3551,1.2309,1.2614662647247314
Si_46-3552,1.3083,1.3002300262451172
Si_46-3554,1.3151,1.2837841510772705
Si_46-3556,1.2148,1.226993441581726
Si_46-3558,1.2236,1.2643821239471436
Si_46-3560,1.1955,1.19241464138031
Si_46-3565,1.2010,1.2007226943969727
Si_46-3568,1.2540,1.2621370553970337
Si_46-3569,1.3463,1.3206303119659424
Si_46-3571,1.2453,1.25092613697052
Si_46-3572,1.3247,1.28597891330719
Si_46-3576,1.2499,1.2798516750335693
Si_46-3577,1.2896,1.261515498161316
Si_46-3578,1.3405,1.314823865890503
Si_46-3580,1.2477,1.2234752178192139
Si_46-3581,1.2108,1.195701241493225
Si_46-3588,1.2538,1.2372057437896729
Si_46-3591,1.2126,1.214750051498413
Si_46-3592,1.2131,1.2174152135849
Si_46-3593,1.3008,1.2679449319839478
Si_46-3595,1.3178,1.279186725616455
Si_46-3596,1.3077,1.3109309673309326
Si_46-3597,1.2667,1.2818512916564941
Si_46-3609,1.2307,1.213263988494873
Si_46-361,1.1116,1.1089855432510376
Si_46-3610,1.2862,1.268186092376709
Si_46-3612,1.3390,1.3381115198135376
Si_46-3613,1.1913,1.224342942237854
Si_46-3614,1.2316,1.2189970016479492
Si_46-3615,1.3251,1.3159881830215454
Si_46-3616,1.2962,1.2479248046875
Si_46-3617,1.3301,1.2789905071258545
Si_46-3618,1.3330,1.3273203372955322
Si_46-3619,1.2158,1.2052053213119507
Si_46-362,1.0654,1.0636285543441772
Si_46-3620,1.1800,1.2488008737564087
Si_46-3623,1.2835,1.2632697820663452
Si_46-3624,1.3696,1.333959937095642
Si_46-3626,1.3323,1.291743516921997
Si_46-3628,1.3316,1.318319320678711
Si_46-3629,1.2197,1.2509770393371582
Si_46-363,1.0744,1.0745137929916382
Si_46-3630,1.2990,1.2066864967346191
Si_46-3632,1.2813,1.2796257734298706
Si_46-3636,1.3453,1.2987333536148071
Si_46-3638,1.2300,1.2585591077804565
Si_46-3642,1.1924,1.1935491561889648
Si_46-3647,1.3307,1.3283036947250366
Si_46-3648,1.1833,1.2125308513641357
Si_46-3650,1.2641,1.3046575784683228
Si_46-3651,1.3076,1.2827157974243164
Si_46-3655,1.2754,1.2617489099502563
Si_46-3656,1.3571,1.3424177169799805
Si_46-3657,1.2653,1.2657673358917236
Si_46-3658,1.2240,1.229034662246704
Si_46-366,1.1191,1.1144119501113892
Si_46-3663,1.2873,1.2726846933364868
Si_46-3665,1.2257,1.2213962078094482
Si_46-3667,1.2544,1.2511401176452637
Si_46-3668,1.2838,1.2823336124420166
Si_46-3669,1.2817,1.2945780754089355
Si_46-3671,1.1123,1.185208797454834
Si_46-3672,1.2752,1.2260080575942993
Si_46-3673,1.2963,1.3099044561386108
Si_46-3677,1.3699,1.3495829105377197
Si_46-3678,1.3258,1.333021640777588
Si_46-3679,1.2949,1.2949312925338745
Si_46-368,1.0770,1.074204921722412
Si_46-3681,1.3245,1.3324092626571655
Si_46-3685,1.3143,1.2943017482757568
Si_46-3686,1.1923,1.222878098487854
Si_46-3687,1.2327,1.2121303081512451
Si_46-3688,1.2040,1.2560473680496216
Si_46-3697,1.2214,1.268620491027832
Si_46-37,1.0507,1.0497409105300903
Si_46-370,1.0837,1.0846540927886963
Si_46-3700,1.1430,1.1362712383270264
Si_46-3701,1.2610,1.2548733949661255
Si_46-3702,1.3537,1.3283913135528564
Si_46-3707,1.2596,1.2193695306777954
Si_46-3708,1.3897,1.3444533348083496
Si_46-3709,1.2400,1.2479641437530518
Si_46-3710,1.1965,1.2594377994537354
Si_46-3712,1.2165,1.203948736190796
Si_46-3714,1.3759,1.3311859369277954
Si_46-3716,1.2850,1.3078925609588623
Si_46-3718,1.2148,1.2415273189544678
Si_46-3719,1.3712,1.3730555772781372
Si_46-372,1.0576,1.050067663192749
Si_46-3721,1.2825,1.2625443935394287
Si_46-3722,1.2572,1.2737895250320435
Si_46-3727,1.1898,1.23289155960083
Si_46-3729,1.1770,1.1751866340637207
Si_46-3731,1.2669,1.288783073425293
Si_46-3732,1.2753,1.293885588645935
Si_46-3733,1.3059,1.351013422012329
Si_46-3734,1.2439,1.2309720516204834
Si_46-3735,1.2735,1.2675957679748535
Si_46-3736,1.3039,1.2774314880371094
Si_46-3737,1.2707,1.2620576620101929
Si_46-3738,1.2129,1.2336761951446533
Si_46-3741,1.2089,1.251685380935669
Si_46-3743,1.2746,1.2458577156066895
Si_46-3744,1.1852,1.2556912899017334
Si_46-3748,1.2892,1.267735242843628
Si_46-375,1.0808,1.084371566772461
Si_46-3752,1.2770,1.2737305164337158
Si_46-3755,1.2366,1.2344926595687866
Si_46-3757,1.3199,1.297389268875122
Si_46-3758,1.3732,1.2954514026641846
Si_46-376,1.0844,1.0863820314407349
Si_46-3761,1.2864,1.2592045068740845
Si_46-3762,1.3358,1.2841713428497314
Si_46-3763,1.3105,1.2952970266342163
Si_46-3764,1.3327,1.298762321472168
Si_46-3765,1.3571,1.3166537284851074
Si_46-3766,1.3121,1.2899419069290161
Si_46-3767,1.2909,1.304471492767334
Si_46-3768,1.2413,1.207693099975586
Si_46-3769,1.2558,1.2269771099090576
Si_46-3770,1.1874,1.2351900339126587
Si_46-3772,1.3365,1.3171464204788208
Si_46-3775,1.2619,1.2853760719299316
Si_46-3778,1.2684,1.2818320989608765
Si_46-3782,1.1971,1.2050563097000122
Si_46-3783,1.2201,1.2209464311599731
Si_46-3784,1.3499,1.324000358581543
Si_46-3785,1.1978,1.2373460531234741
Si_46-3786,1.3239,1.2675209045410156
Si_46-3787,1.2995,1.2814189195632935
Si_46-3788,1.2650,1.296108603477478
Si_46-379,1.0802,1.0751572847366333
Si_46-3791,1.3355,1.336777925491333
Si_46-3794,1.2360,1.2338696718215942
Si_46-3795,1.2878,1.2616714239120483
Si_46-3796,1.2538,1.2718578577041626
Si_46-3798,1.3012,1.3078347444534302
Si_46-3799,1.2522,1.305644154548645
Si_46-38,1.0917,1.073742389678955
Si_46-3800,1.1912,1.2061465978622437
Si_46-3803,1.2925,1.299616813659668
Si_46-3804,1.3144,1.284725308418274
Si_46-3805,1.2590,1.2424429655075073
Si_46-3809,1.1982,1.2201073169708252
Si_46-3810,1.2123,1.256181240081787
Si_46-3811,1.2414,1.269447684288025
Si_46-3816,1.2447,1.3050321340560913
Si_46-3817,1.2955,1.274768352508545
Si_46-3818,1.3432,1.3187416791915894
Si_46-3823,1.2878,1.2524081468582153
Si_46-3824,1.2455,1.2506521940231323
Si_46-3826,1.3413,1.331320881843567
Si_46-3828,1.2706,1.2944425344467163
Si_46-383,1.0649,1.0553457736968994
Si_46-3831,1.1874,1.2012670040130615
Si_46-3833,1.2807,1.2885099649429321
Si_46-3834,1.3247,1.2902991771697998
Si_46-3839,1.3593,1.3336459398269653
Si_46-384,1.1035,1.0994566679000854
Si_46-3840,1.2286,1.2236573696136475
Si_46-3843,1.2187,1.1994268894195557
Si_46-3846,1.3125,1.270143747329712
Si_46-3847,1.2995,1.2888909578323364
Si_46-3849,1.1961,1.1917121410369873
Si_46-3853,1.3541,1.3195009231567383
Si_46-3855,1.2379,1.2586561441421509
Si_46-3861,1.2768,1.233289361000061
Si_46-3863,1.2820,1.290483832359314
Si_46-3867,1.3047,1.3066608905792236
Si_46-3870,1.3302,1.3210840225219727
Si_46-3876,1.1946,1.2301338911056519
Si_46-3877,1.3734,1.3385207653045654
Si_46-3878,1.2174,1.2173296213150024
Si_46-3879,1.2504,1.2463867664337158
Si_46-388,1.0841,1.0738145112991333
Si_46-3880,1.2997,1.3022572994232178
Si_46-3881,1.3702,1.313212275505066
Si_46-3882,1.3316,1.2965229749679565
Si_46-3884,1.3567,1.3342819213867188
Si_46-3887,1.2471,1.25180184841156
Si_46-3889,1.3296,1.3049509525299072
Si_46-389,1.0837,1.0671719312667847
Si_46-3890,1.3573,1.3319815397262573
Si_46-3893,1.3199,1.3207106590270996
Si_46-3896,1.2647,1.2541298866271973
Si_46-3899,1.1946,1.2539478540420532
Si_46-39,1.0519,1.0517925024032593
Si_46-390,1.0832,1.0754715204238892
Si_46-3902,1.2830,1.223481297492981
Si_46-3903,1.2677,1.243247628211975
Si_46-3906,1.3310,1.2690322399139404
Si_46-3908,1.2236,1.2193344831466675
Si_46-3909,1.2440,1.2261967658996582
Si_46-3910,1.3455,1.3344295024871826
Si_46-3911,1.2576,1.237762451171875
Si_46-3912,1.3296,1.3028312921524048
Si_46-3913,1.3592,1.33799409866333
Si_46-3916,1.3675,1.3458203077316284
Si_46-3917,1.3125,1.3187724351882935
Si_46-3918,1.3659,1.3449660539627075
Si_46-3920,1.3298,1.3554418087005615
Si_46-3922,1.1769,1.1919773817062378
Si_46-3929,1.2426,1.2575514316558838
Si_46-3931,1.3149,1.2952276468276978
Si_46-3935,1.3626,1.3455264568328857
Si_46-3937,1.3382,1.3154693841934204
Si_46-3938,1.3088,1.3062433004379272
Si_46-3941,1.2368,1.253255009651184
Si_46-3943,1.3014,1.28514564037323
Si_46-3949,1.1876,1.2409518957138062
Si_46-395,1.1050,1.10093092918396
Si_46-3950,1.3832,1.3366496562957764
Si_46-3952,1.3037,1.335354208946228
Si_46-3954,1.1588,1.2169716358184814
Si_46-3955,1.2860,1.2393170595169067
Si_46-3956,1.3010,1.2932285070419312
Si_46-3958,1.2809,1.2984811067581177
Si_46-396,1.0811,1.085250973701477
Si_46-3960,1.1732,1.1705844402313232
Si_46-3961,1.2800,1.2608681917190552
Si_46-3962,1.2061,1.2578476667404175
Si_46-3963,1.2112,1.257893681526184
Si_46-3965,1.3173,1.270335078239441
Si_46-3966,1.3348,1.2956048250198364
Si_46-3967,1.3126,1.2785601615905762
Si_46-3969,1.2137,1.191332221031189
Si_46-3970,1.3287,1.317609190940857
Si_46-3972,1.2500,1.2521469593048096
Si_46-3973,1.2929,1.2572358846664429
Si_46-3974,1.2849,1.2246543169021606
Si_46-3975,1.3379,1.335142731666565
Si_46-3977,1.3797,1.3771440982818604
Si_46-3978,1.3289,1.274405837059021
Si_46-3980,1.3676,1.3109525442123413
Si_46-3982,1.3330,1.3128604888916016
Si_46-3985,1.2676,1.246837854385376
Si_46-3986,1.2539,1.2594542503356934
Si_46-3987,1.2052,1.240740180015564
Si_46-3988,1.3233,1.2953726053237915
Si_46-3989,1.2396,1.2854889631271362
Si_46-399,1.0707,1.0650293827056885
Si_46-3991,1.2885,1.2767411470413208
Si_46-3994,1.3445,1.3252074718475342
Si_46-3997,1.2976,1.2532422542572021
Si_46-3998,1.1820,1.1968319416046143
Si_46-3999,1.2273,1.2143733501434326
Si_46-4,1.0567,1.055822730064392
Si_46-40,1.0567,1.055822730064392
Si_46-4000,1.3420,1.2791826725006104
Si_46-4001,1.3188,1.3073610067367554
Si_46-4002,1.0865,1.130115032196045
Si_46-4007,1.3266,1.3060916662216187
Si_46-4010,1.2928,1.3032487630844116
Si_46-4012,1.2324,1.250759243965149
Si_46-4014,1.2349,1.2116657495498657
Si_46-4015,1.3284,1.2550767660140991
Si_46-402,1.0657,1.0579651594161987
Si_46-4022,1.1856,1.211693525314331
Si_46-408,1.0429,1.038879632949829
Si_46-409,1.0896,1.0699374675750732
Si_46-41,1.0292,1.0331404209136963
Si_46-410,1.0792,1.0727194547653198
Si_46-412,1.0408,1.0299729108810425
Si_46-414,1.0813,1.0767664909362793
Si_46-416,1.0871,1.073185682296753
Si_46-417,1.0501,1.036985158920288
Si_46-419,1.0860,1.0730100870132446
Si_46-42,1.0567,1.0558226108551025
Si_46-420,1.0529,1.0416258573532104
Si_46-421,1.1025,1.100398302078247
Si_46-422,1.0621,1.054973840713501
Si_46-425,1.0915,1.092788577079773
Si_46-426,1.0903,1.0914723873138428
Si_46-427,1.0951,1.0809658765792847
Si_46-428,1.0706,1.051491379737854
Si_46-429,1.0324,1.0437732934951782
Si_46-43,1.0287,1.0302447080612183
Si_46-430,1.1028,1.0916944742202759
Si_46-431,1.1533,1.1608556509017944
Si_46-435,1.1014,1.0953835248947144
Si_46-439,1.0977,1.0979787111282349
Si_46-440,1.0416,1.0560742616653442
Si_46-445,1.0704,1.0565613508224487
Si_46-446,1.0286,1.0384759902954102
Si_46-449,1.0822,1.079291820526123
Si_46-45,1.0577,1.0562182664871216
Si_46-451,1.1247,1.1100058555603027
Si_46-452,1.0803,1.0790133476257324
Si_46-453,1.0638,1.0762629508972168
Si_46-454,1.0851,1.0631868839263916
Si_46-455,1.0952,1.0933325290679932
Si_46-456,1.0635,1.0602822303771973
Si_46-458,1.0559,1.0481640100479126
Si_46-459,1.0933,1.0810823440551758
Si_46-46,1.0469,1.0498448610305786
Si_46-461,1.0845,1.072206974029541
Si_46-463,1.0983,1.0720832347869873
Si_46-464,1.0837,1.072077989578247
Si_46-465,1.0511,1.0650432109832764
Si_46-466,1.0823,1.0729187726974487
Si_46-467,1.0753,1.077649712562561
Si_46-471,1.0957,1.1000951528549194
Si_46-473,1.0829,1.094463586807251
Si_46-475,1.0552,1.0701887607574463
Si_46-476,1.0779,1.0825084447860718
Si_46-48,1.0507,1.0497409105300903
Si_46-480,1.1247,1.1155986785888672
Si_46-483,1.1123,1.1005582809448242
Si_46-485,1.0833,1.0818018913269043
Si_46-490,1.0393,1.0257536172866821
Si_46-492,1.0430,1.0494682788848877
Si_46-494,1.0576,1.0788224935531616
Si_46-495,1.0721,1.0825899839401245
Si_46-496,1.0941,1.0910531282424927
Si_46-498,1.0937,1.0997016429901123
Si_46-499,1.1352,1.1287462711334229
Si_46-501,1.0944,1.0582343339920044
Si_46-504,1.0672,1.0689318180084229
Si_46-508,1.0270,1.0233871936798096
Si_46-509,1.1084,1.1042678356170654
Si_46-51,1.0517,1.0518407821655273
Si_46-512,1.0468,1.0514219999313354
Si_46-513,1.0935,1.0934646129608154
Si_46-517,1.0595,1.0473898649215698
Si_46-520,1.0744,1.0765211582183838
Si_46-522,1.0802,1.070102572441101
Si_46-523,1.0516,1.0435583591461182
Si_46-524,1.0834,1.067441463470459
Si_46-526,1.1090,1.1136993169784546
Si_46-531,1.1187,1.1220083236694336
Si_46-533,1.0511,1.0511287450790405
Si_46-534,1.0900,1.0884548425674438
Si_46-535,1.1056,1.0986626148223877
Si_46-537,1.0552,1.0687395334243774
Si_46-543,1.0776,1.0711469650268555
Si_46-545,1.0297,1.0502393245697021
Si_46-547,1.1284,1.0998177528381348
Si_46-549,1.0440,1.058160662651062
Si_46-55,1.0164,1.0254994630813599
Si_46-550,1.0681,1.0741742849349976
Si_46-551,1.1150,1.1125974655151367
Si_46-553,1.0693,1.0797078609466553
Si_46-554,1.0732,1.0687421560287476
Si_46-555,1.0545,1.0487275123596191
Si_46-557,1.0795,1.0673044919967651
Si_46-558,1.1243,1.109139323234558
Si_46-56,1.0441,1.0434950590133667
Si_46-560,1.0702,1.0645300149917603
Si_46-563,1.0929,1.0845544338226318
Si_46-566,1.1069,1.098191738128662
Si_46-567,1.1010,1.1028820276260376
Si_46-568,1.0601,1.0685672760009766
Si_46-569,1.0553,1.0579681396484375
Si_46-572,1.0661,1.0733449459075928
Si_46-573,1.0938,1.0824551582336426
Si_46-575,1.0924,1.1015565395355225
Si_46-577,1.0635,1.0764868259429932
Si_46-579,1.0485,1.0582348108291626
Si_46-586,1.0766,1.0696278810501099
Si_46-587,1.1145,1.113469123840332
Si_46-589,1.0878,1.0821068286895752
Si_46-590,1.0141,1.0172048807144165
Si_46-592,1.0629,1.0584394931793213
Si_46-593,1.0720,1.0771251916885376
Si_46-594,1.0225,1.027608871459961
Si_46-595,1.1385,1.127247929573059
Si_46-596,1.0292,1.0478988885879517
Si_46-597,1.0769,1.075726866722107
Si_46-598,1.0512,1.0520676374435425
Si_46-599,1.1358,1.1334209442138672
Si_46-6,1.0501,1.0507930517196655
Si_46-600,1.0867,1.0808597803115845
Si_46-603,1.0991,1.0850167274475098
Si_46-606,1.0653,1.0796163082122803
Si_46-607,1.0707,1.0709388256072998
Si_46-611,1.1020,1.0825051069259644
Si_46-615,1.0337,1.0154545307159424
Si_46-616,1.1137,1.1162879467010498
Si_46-618,1.1038,1.0936541557312012
Si_46-619,1.0885,1.0817006826400757
Si_46-62,1.0861,1.0796351432800293
Si_46-622,1.0562,1.0329043865203857
Si_46-623,1.0921,1.1068973541259766
Si_46-624,1.0460,1.056652545928955
Si_46-626,1.0692,1.0572569370269775
Si_46-627,1.1043,1.0852134227752686
Si_46-629,1.1192,1.1221580505371094
Si_46-63,1.0262,1.0294731855392456
Si_46-632,1.1094,1.1154142618179321
Si_46-636,1.0439,1.0508750677108765
Si_46-637,1.0763,1.0688072443008423
Si_46-64,1.0697,1.0684113502502441
Si_46-644,1.0748,1.043041467666626
Si_46-646,1.0969,1.0802229642868042
Si_46-649,1.0971,1.102890968322754
Si_46-651,1.0880,1.0984100103378296
Si_46-653,1.0085,1.0299859046936035
Si_46-654,1.0471,1.0695395469665527
Si_46-655,1.1006,1.0911312103271484
Si_46-657,1.1123,1.0901222229003906
Si_46-659,1.0665,1.063360571861267
Si_46-660,1.1313,1.1163864135742188
Si_46-664,1.0620,1.06803297996521
Si_46-666,1.0997,1.0892797708511353
Si_46-667,1.0321,1.0582002401351929
Si_46-669,1.1049,1.0971949100494385
Si_46-67,1.0418,1.0455598831176758
Si_46-671,1.0722,1.0718053579330444
Si_46-672,1.0511,1.0690371990203857
Si_46-673,1.0492,1.068446159362793
Si_46-675,1.0186,1.0180491209030151
Si_46-681,1.0536,1.0826342105865479
Si_46-683,1.0600,1.0669193267822266
Si_46-685,1.1012,1.1034409999847412
Si_46-686,1.0833,1.0846848487854004
Si_46-687,1.0416,1.0523415803909302
Si_46-688,1.0941,1.0947192907333374
Si_46-692,1.1125,1.1113548278808594
Si_46-693,1.0912,1.0817081928253174
Si_46-694,1.0861,1.0932470560073853
Si_46-695,1.0730,1.0552617311477661
Si_46-696,1.0558,1.0619916915893555
Si_46-697,1.1198,1.094642162322998
Si_46-698,1.1188,1.1171095371246338
Si_46-7,1.0249,1.0297681093215942
Si_46-701,1.0432,1.0470187664031982
Si_46-703,1.0045,1.0290919542312622
Si_46-704,1.0622,1.070162057876587
Si_46-705,1.0596,1.0671460628509521
Si_46-707,1.1254,1.1270179748535156
Si_46-708,1.1037,1.1009513139724731
Si_46-71,1.0777,1.0659719705581665
Si_46-711,1.0911,1.076900601387024
Si_46-712,1.0958,1.100955605506897
Si_46-72,1.0468,1.0554311275482178
Si_46-720,1.0514,1.045934796333313
Si_46-722,1.0919,1.0836178064346313
Si_46-723,1.1145,1.1203832626342773
Si_46-724,1.1195,1.1148743629455566
Si_46-725,1.1084,1.1189595460891724
Si_46-726,1.0707,1.072079062461853
Si_46-727,1.0539,1.0614566802978516
Si_46-728,1.1156,1.111259937286377
Si_46-729,1.1527,1.1421465873718262
Si_46-73,1.0689,1.0691299438476562
Si_46-731,1.0711,1.0911144018173218
Si_46-733,1.1014,1.0783989429473877
Si_46-734,1.0992,1.1143304109573364
Si_46-735,1.0761,1.0842690467834473
Si_46-737,1.1414,1.1413477659225464
Si_46-738,1.1344,1.1312049627304077
Si_46-740,1.0225,1.035958170890808
Si_46-743,1.0590,1.0542354583740234
Si_46-746,1.0846,1.0925261974334717
Si_46-747,1.1036,1.0989255905151367
Si_46-748,1.1131,1.1041905879974365
Si_46-749,1.0602,1.0713685750961304
Si_46-754,1.0586,1.0614756345748901
Si_46-755,1.0569,1.0472453832626343
Si_46-756,1.0799,1.0700311660766602
Si_46-757,1.1150,1.1144795417785645
Si_46-759,1.0931,1.086933970451355
Si_46-76,1.0727,1.0693944692611694
Si_46-762,1.1054,1.1176327466964722
Si_46-767,1.0678,1.0732182264328003
Si_46-772,1.0984,1.096378207206726
Si_46-774,1.0833,1.0700243711471558
Si_46-775,1.1438,1.1317638158798218
Si_46-777,1.0620,1.0490692853927612
Si_46-779,1.0940,1.1031203269958496
Si_46-78,1.0703,1.072904348373413
Si_46-781,1.0874,1.075040578842163
Si_46-782,1.1142,1.115575909614563
Si_46-783,1.0710,1.0926032066345215
Si_46-785,1.1454,1.1599713563919067
Si_46-786,1.0724,1.0413298606872559
Si_46-790,1.0956,1.0957298278808594
Si_46-794,1.0589,1.0819884538650513
Si_46-797,1.1135,1.103332281112671
Si_46-799,1.1009,1.0819231271743774
Si_46-802,1.0927,1.090760350227356
Si_46-804,1.0638,1.0569202899932861
Si_46-805,1.0837,1.0788108110427856
Si_46-807,1.0858,1.0733270645141602
Si_46-810,1.0879,1.0833865404129028
Si_46-811,1.0168,1.0272163152694702
Si_46-814,1.1039,1.1050812005996704
Si_46-815,1.0841,1.0957989692687988
Si_46-819,1.0889,1.110921859741211
Si_46-82,1.0404,1.0503959655761719
Si_46-820,1.1112,1.1135749816894531
Si_46-822,1.1323,1.122986078262329
Si_46-823,1.0880,1.0659347772598267
Si_46-824,1.1047,1.107297658920288
Si_46-825,1.0570,1.0750459432601929
Si_46-829,1.1075,1.0976186990737915
Si_46-83,1.1149,1.1000175476074219
Si_46-831,1.0775,1.1197946071624756
Si_46-832,1.0989,1.0812005996704102
Si_46-833,1.1232,1.1245687007904053
Si_46-835,1.1058,1.119490623474121
Si_46-842,1.1330,1.120140552520752
Si_46-844,1.0876,1.0768271684646606
Si_46-845,1.0724,1.0733530521392822
Si_46-848,1.0668,1.0808024406433105
Si_46-851,1.1334,1.1292227506637573
Si_46-852,1.1098,1.1158658266067505
Si_46-853,1.0597,1.0783265829086304
Si_46-855,1.1135,1.128999948501587
Si_46-856,1.1277,1.0969514846801758
Si_46-857,1.0881,1.1026978492736816
Si_46-859,1.0739,1.085999846458435
Si_46-860,1.1297,1.1218878030776978
Si_46-861,1.1036,1.1096820831298828
Si_46-865,1.1006,1.1105605363845825
Si_46-866,1.0122,1.0213088989257812
Si_46-867,1.0517,1.0429275035858154
Si_46-869,1.1235,1.1179978847503662
Si_46-87,1.0494,1.0559395551681519
Si_46-873,1.1526,1.1434156894683838
Si_46-875,1.0850,1.0773659944534302
Si_46-876,1.0371,1.0677889585494995
Si_46-877,1.1685,1.1481475830078125
Si_46-880,1.1299,1.1350032091140747
Si_46-881,1.1148,1.1251386404037476
Si_46-882,1.0789,1.100716233253479
Si_46-883,1.1236,1.1191699504852295
Si_46-887,1.1099,1.1256438493728638
Si_46-888,1.0784,1.0799967050552368
Si_46-89,1.0307,1.0297086238861084
Si_46-891,1.1087,1.0749306678771973
Si_46-892,1.1106,1.0850110054016113
Si_46-895,1.0434,1.0432069301605225
Si_46-897,1.0608,1.059326171875
Si_46-899,1.0900,1.091830849647522
Si_46-9,1.0895,1.0730394124984741
Si_46-90,1.0480,1.0525106191635132
Si_46-901,1.1487,1.144892930984497
Si_46-902,1.0874,1.1058319807052612
Si_46-903,1.1018,1.088543176651001
Si_46-905,1.0338,1.0507621765136719
Si_46-908,1.1114,1.1178247928619385
Si_46-909,1.0625,1.0365853309631348
Si_46-912,1.0255,1.0482263565063477
Si_46-914,1.0794,1.091749906539917
Si_46-918,1.0259,1.0565145015716553
Si_46-920,1.0978,1.0878241062164307
Si_46-928,1.0991,1.0746066570281982
Si_46-929,1.1462,1.137279987335205
Si_46-930,1.1115,1.1105639934539795
Si_46-936,1.1082,1.0770184993743896
Si_46-938,1.1225,1.1183661222457886
Si_46-942,1.0463,1.0408625602722168
Si_46-943,1.1163,1.0997772216796875
Si_46-944,1.0968,1.0880711078643799
Si_46-945,1.1187,1.0955724716186523
Si_46-946,1.1423,1.1358118057250977
Si_46-947,1.1046,1.08053457736969
Si_46-948,1.1186,1.112646460533142
Si_46-949,1.0215,1.0112175941467285
Si_46-95,1.0524,1.0597022771835327
Si_46-952,1.0686,1.0964395999908447
Si_46-954,1.0987,1.092543601989746
Si_46-956,1.0669,1.0826839208602905
Si_46-960,1.1245,1.12352454662323
Si_46-961,1.0882,1.0797642469406128
Si_46-963,1.1226,1.125530481338501
Si_46-964,1.1037,1.1080193519592285
Si_46-967,1.1309,1.1091257333755493
Si_46-97,1.0265,1.036956548690796
Si_46-971,1.0711,1.072176456451416
Si_46-972,1.0987,1.0785366296768188
Si_46-975,1.1475,1.1364109516143799
Si_46-977,1.1215,1.112056851387024
Si_46-978,1.0677,1.073104977607727
Si_46-98,1.0773,1.080670714378357
Si_46-980,1.0086,1.0337681770324707
Si_46-982,1.1124,1.128334641456604
Si_46-985,1.0603,1.0672968626022339
Si_46-986,1.1380,1.1232794523239136
Si_46-987,1.0741,1.079469919204712
Si_46-989,1.1614,1.1577879190444946
Si_46-990,1.1464,1.1142692565917969
Si_46-991,1.1498,1.1438933610916138
Si_46-993,1.1576,1.1533050537109375
Si_46-994,1.1100,1.125239610671997
Si_46-999,1.1219,1.1071038246154785
