Si_46-966,1.0370999574661255,1.04425847530365
Si_46-1693,1.1468000411987305,1.1134203672409058
Si_46-1136,1.058500051498413,1.0607956647872925
Si_34-543,1.1520999670028687,1.1472289562225342
Si_46-1645,1.1371999979019165,1.1155916452407837
Si_46-2885,1.1374000310897827,1.1383179426193237
Si_46-1443,1.0871000289916992,1.11306631565094
Si_46-2241,1.1087000370025635,1.1305460929870605
Si_46-2321,1.1575000286102295,1.1305829286575317
Si_46-1183,1.0520999431610107,1.058241844177246
Si_46-718,1.066499948501587,1.067305564880371
Si_46-1503,1.1689000129699707,1.1781567335128784
Si_46-1824,1.0983999967575073,1.118301510810852
Si_46-1926,1.243899941444397,1.2257722616195679
Si_46-3789,1.2581000328063965,1.2450988292694092
Si_46-1470,1.1506999731063843,1.1593079566955566
Si_46-3875,1.246999979019165,1.2392328977584839
Si_46-1008,1.1124999523162842,1.0793637037277222
Si_46-2861,1.148900032043457,1.151665449142456
Si_46-1994,1.1727999448776245,1.140089750289917
Si_46-1711,1.1339999437332153,1.1275498867034912
Si_46-1010,1.0987999439239502,1.1031880378723145
Si_46-60,1.045199990272522,1.032611608505249
Si_34-66,1.3044999837875366,1.3046685457229614
Si_46-321,1.0563000440597534,1.044980525970459
Si_34-485,1.2151000499725342,1.1908906698226929
Si_46-1062,1.0722999572753906,1.0554189682006836
Si_46-3380,1.295799970626831,1.2535655498504639
Si_46-3060,1.2395000457763672,1.2532274723052979
Si_34-637,1.2802000045776367,1.2110517024993896
Si_46-828,1.0842000246047974,1.1011199951171875
Si_46-3273,1.23580002784729,1.2531602382659912
Si_46-2435,1.1845999956130981,1.1636945009231567
Si_34-168,1.2066999673843384,1.2193430662155151
Si_34-102,1.2604999542236328,1.2567309141159058
Si_46-3308,1.2549999952316284,1.2478747367858887
Si_46-2251,1.1764999628067017,1.1760727167129517
Si_46-793,1.058500051498413,1.0661218166351318
Si_34-407,1.1332999467849731,1.155205488204956
Si_46-199,1.044700026512146,1.0494089126586914
Si_46-2687,1.3345999717712402,1.3001246452331543
Si_46-2804,1.2028000354766846,1.2395362854003906
Si_46-601,1.1380000114440918,1.1255028247833252
Si_46-299,1.0808000564575195,1.090954303741455
Si_46-1184,1.0925999879837036,1.1023671627044678
Si_46-350,1.06659996509552,1.0477442741394043
Si_46-2371,1.2172000408172607,1.2416398525238037
Si_46-1975,1.1441999673843384,1.1660326719284058
Si_46-3258,1.2374000549316406,1.2333859205245972
Si_46-1255,1.1598000526428223,1.1401965618133545
Si_46-2663,1.1437000036239624,1.15276038646698
Si_34-580,1.1971999406814575,1.2231296300888062
Si_46-3859,1.2386000156402588,1.259078860282898
Si_46-951,1.1045000553131104,1.0861135721206665
Si_46-3502,1.1854000091552734,1.2246631383895874
Si_46-3439,1.281599998474121,1.2678272724151611
Si_46-186,1.0602999925613403,1.0541572570800781
Si_46-3670,1.3187999725341797,1.2951405048370361
Si_46-884,1.1613999605178833,1.1669435501098633
Si_46-381,1.080299973487854,1.0767055749893188
Si_46-2826,1.2207000255584717,1.2201182842254639
Si_46-1813,1.1193000078201294,1.138359785079956
Si_46-3009,1.2330000400543213,1.2196054458618164
Si_46-3245,1.186400055885315,1.2093814611434937
Si_46-3905,1.3289999961853027,1.3386833667755127
Si_34-252,1.1700999736785889,1.204162836074829
Si_46-1203,1.125,1.119475245475769
Si_46-1146,1.167199969291687,1.1526716947555542
Si_46-2845,1.2894999980926514,1.2828373908996582
Si_46-1270,1.1756999492645264,1.1759493350982666
Si_46-529,1.031000018119812,1.0509812831878662
Si_46-1107,1.0985000133514404,1.0700597763061523
Si_46-2719,1.2229000329971313,1.1932679414749146
Si_46-3103,1.1460000276565552,1.1534836292266846
Si_34-657,1.1467000246047974,1.1756614446640015
Si_34-31,1.2509000301361084,1.2629743814468384
Si_34-232,1.2015999555587769,1.2059099674224854
Si_34-289,1.2086000442504883,1.2363389730453491
Si_46-3858,1.3133000135421753,1.2958412170410156
Si_46-84,1.05649995803833,1.0588679313659668
Si_46-244,1.0809999704360962,1.0842251777648926
Si_46-658,1.0443999767303467,1.055238962173462
Si_46-2282,1.2148000001907349,1.2189537286758423
Si_46-1386,1.1617000102996826,1.1643602848052979
Si_46-1238,1.132699966430664,1.1295709609985352
Si_34-829,1.0094000101089478,1.084978461265564
Si_46-3379,1.2188999652862549,1.2066011428833008
Si_46-3892,1.2482999563217163,1.2544734477996826
Si_46-3152,1.2512999773025513,1.2426339387893677
Si_46-3327,1.2035000324249268,1.2246683835983276
Si_34-451,1.0677000284194946,1.1162434816360474
Si_46-1410,1.1032999753952026,1.1308051347732544
Si_46-2144,1.1883000135421753,1.1695995330810547
Si_46-1887,1.1511000394821167,1.1285914182662964
Si_46-3682,1.2674000263214111,1.2938638925552368
Si_34-331,1.2926000356674194,1.2746903896331787
Si_46-2583,1.228700041770935,1.1911189556121826
Si_46-2917,1.2574000358581543,1.256321668624878
Si_46-1086,1.1345000267028809,1.1370432376861572
Si_46-1472,1.139799952507019,1.1362900733947754
Si_46-1636,1.1477999687194824,1.1130331754684448
Si_46-3590,1.2331000566482544,1.2377341985702515
Si_34-711,1.2367000579833984,1.2017370462417603
Si_46-2994,1.2342000007629395,1.2342628240585327
Si_46-3979,1.245300054550171,1.2286937236785889
Si_46-2163,1.104599952697754,1.0929231643676758
Si_46-2093,1.155500054359436,1.1442484855651855
Si_46-1871,1.2067999839782715,1.1778091192245483
Si_46-19,1.0113999843597412,1.0123217105865479
Si_34-573,1.1505999565124512,1.1109803915023804
Si_46-1127,1.123900055885315,1.098806619644165
Si_46-1239,1.0772000551223755,1.0833789110183716
Si_46-3645,1.2482999563217163,1.2576711177825928
Si_46-1973,1.1589000225067139,1.1352874040603638
Si_46-1690,1.229200005531311,1.2114702463150024
Si_46-3759,1.3392000198364258,1.3236902952194214
Si_46-924,1.0923000574111938,1.1079308986663818
Si_46-2879,1.2070000171661377,1.1993128061294556
Si_46-1408,1.1927000284194946,1.1499131917953491
Si_46-3694,1.2903000116348267,1.3001158237457275
Si_46-85,1.0255999565124512,1.0361964702606201
Si_46-1019,1.0896999835968018,1.1270389556884766
Si_46-1259,1.1597000360488892,1.1429762840270996
Si_46-4017,1.30649995803833,1.2942490577697754
Si_46-124,1.0261000394821167,1.0365976095199585
Si_46-1420,1.0276000499725342,1.0496129989624023
Si_34-668,1.1747000217437744,1.159605860710144
Si_46-1925,1.1419999599456787,1.1613683700561523
Si_46-1585,1.1546000242233276,1.1711764335632324
Si_46-2880,1.2182999849319458,1.1827783584594727
Si_46-3866,1.2984999418258667,1.2897602319717407
Si_46-2293,1.1995999813079834,1.1780500411987305
Si_46-765,1.0857000350952148,1.08168363571167
Si_46-3041,1.1893999576568604,1.1996335983276367
Si_46-2038,1.1628999710083008,1.183030605316162
Si_46-91,1.0532000064849854,1.0629814863204956
Si_46-3622,1.1883000135421753,1.1859663724899292
Si_46-195,1.070099949836731,1.0631077289581299
Si_46-2274,1.1619999408721924,1.1362149715423584
Si_46-3891,1.2533999681472778,1.2702347040176392
Si_46-826,1.1096999645233154,1.1085314750671387
Si_34-423,1.2039999961853027,1.2054120302200317
Si_46-677,1.121500015258789,1.1224238872528076
Si_46-1610,1.174399971961975,1.1364678144454956
Si_46-3462,1.2649999856948853,1.2824640274047852
Si_46-3004,1.2771999835968018,1.2812182903289795
Si_46-1429,1.1481000185012817,1.1271097660064697
Si_46-2745,1.152400016784668,1.1645798683166504
Si_46-2507,1.3027000427246094,1.273280143737793
Si_46-1357,1.1114000082015991,1.1359264850616455
Si_34-54,1.3325999975204468,1.3244022130966187
Si_46-634,1.0786000490188599,1.0881069898605347
Si_34-334,1.278499960899353,1.269294261932373
Si_34-649,1.1191999912261963,1.0987919569015503
Si_46-1605,1.163699984550476,1.1456810235977173
Si_46-2334,1.2470999956130981,1.2451359033584595
Si_46-1820,1.1126999855041504,1.1420098543167114
Si_46-1618,1.1232999563217163,1.1281399726867676
Si_46-2621,1.2307000160217285,1.2061845064163208
Si_46-3367,1.184999942779541,1.209017038345337
Si_46-2102,1.20169997215271,1.1665427684783936
Si_46-2736,1.1054999828338623,1.1178171634674072
Si_46-3507,1.2800999879837036,1.2904343605041504
Si_46-3015,1.2561999559402466,1.2599363327026367
Si_46-3002,1.1318999528884888,1.1481560468673706
Si_46-4009,1.2906999588012695,1.3090955018997192
Si_34-595,1.1555999517440796,1.1496089696884155
Si_46-2938,1.2869999408721924,1.2440119981765747
Si_46-1999,1.2486000061035156,1.2422620058059692
Si_46-413,1.0815999507904053,1.0822378396987915
Si_46-1058,1.1497999429702759,1.120266318321228
Si_46-3182,1.2051000595092773,1.2131112813949585
Si_46-3501,1.3037999868392944,1.293739914894104
Si_46-3449,1.294800043106079,1.232234001159668
Si_46-3320,1.257099986076355,1.2835084199905396
Si_46-489,1.0716999769210815,1.0668820142745972
Si_34-273,1.2868000268936157,1.290641188621521
Si_34-345,1.1282000541687012,1.1536076068878174
Si_46-2529,1.172700047492981,1.1810336112976074
Si_46-3874,1.2199000120162964,1.2483769655227661
Si_46-871,1.041200041770935,1.0655403137207031
Si_46-3054,1.2747000455856323,1.2534571886062622
Si_46-984,1.0951000452041626,1.0863642692565918
Si_46-2642,1.2483999729156494,1.2269880771636963
Si_46-1315,1.0571000576019287,1.0816900730133057
Si_46-3512,1.3415000438690186,1.3098374605178833
Si_46-2121,1.0628000497817993,1.0665881633758545
Si_34-934,0.9567000269889832,1.0182479619979858
Si_46-1500,1.0993000268936157,1.1006734371185303
Si_46-1080,1.067199945449829,1.0658621788024902
Si_46-3023,1.2295000553131104,1.275614619255066
Si_46-3848,1.2755999565124512,1.2983827590942383
Si_46-2933,1.2669999599456787,1.301861047744751
Si_34-790,1.1521999835968018,1.136482834815979
Si_46-1846,1.107100009918213,1.171862244606018
Si_46-2279,1.1481000185012817,1.1785316467285156
Si_46-3746,1.2589999437332153,1.2409991025924683
Si_34-464,1.2384999990463257,1.215274691581726
Si_46-2400,1.230299949645996,1.2198102474212646
Si_46-3570,1.141700029373169,1.1340632438659668
Si_46-2132,1.1485999822616577,1.181720495223999
Si_46-896,1.0821000337600708,1.1023163795471191
Si_46-2193,1.251099944114685,1.2226440906524658
Si_34-194,1.264299988746643,1.2547335624694824
Si_34-188,1.190500020980835,1.2128921747207642
Si_46-2414,1.15339994430542,1.1465708017349243
Si_46-1827,1.1729999780654907,1.1601979732513428
Si_46-1581,1.0937000513076782,1.1066453456878662
Si_46-411,1.0263999700546265,1.0263993740081787
Si_46-2810,1.159500002861023,1.164283037185669
Si_34-660,1.1495000123977661,1.101617693901062
Si_46-115,1.0401999950408936,1.0456037521362305
Si_46-965,1.1240999698638916,1.0975673198699951
Si_46-2048,1.1540000438690186,1.175157070159912
Si_46-1066,1.1047999858856201,1.1101948022842407
Si_46-1454,1.1225999593734741,1.1240298748016357
Si_46-753,1.1319999694824219,1.1275709867477417
Si_46-837,1.090399980545044,1.077006220817566
Si_46-868,1.170199990272522,1.1592611074447632
Si_46-640,1.1067999601364136,1.11609947681427
Si_34-760,1.0638999938964844,1.118269920349121
Si_46-1604,1.1532000303268433,1.129482626914978
Si_46-2757,1.2158000469207764,1.2128050327301025
Si_34-881,1.1504000425338745,1.1555626392364502
Si_34-270,1.1827000379562378,1.193875789642334
Si_46-1380,1.1345000267028809,1.1157058477401733
Si_46-2590,1.170300006866455,1.143601655960083
Si_46-1244,1.1380000114440918,1.137939691543579
Si_46-2217,1.1119999885559082,1.1650032997131348
Si_46-2266,1.2094000577926636,1.186050295829773
Si_46-403,1.0600999593734741,1.0627822875976562
Si_46-3992,1.2934000492095947,1.3308024406433105
Si_34-526,1.152899980545044,1.1845366954803467
Si_46-1412,1.1380000114440918,1.1290709972381592
Si_34-178,1.276900053024292,1.273086428642273
Si_46-3083,1.2345999479293823,1.2784972190856934
Si_34-341,1.2058000564575195,1.196773886680603
Si_34-681,1.2316999435424805,1.1886876821517944
Si_34-115,1.2467000484466553,1.2528905868530273
Si_46-3126,1.1766999959945679,1.1645030975341797
Si_46-2465,1.1885000467300415,1.1490259170532227
Si_34-260,1.2007999420166016,1.2203686237335205
Si_46-2219,1.1229000091552734,1.1124622821807861
Si_46-3704,1.3587000370025635,1.3209795951843262
Si_46-1358,1.1247999668121338,1.1200103759765625
Si_46-742,1.1074999570846558,1.0810014009475708
Si_46-447,1.118499994277954,1.098580002784729
Si_46-3666,1.304800033569336,1.29332435131073
Si_46-2911,1.2051000595092773,1.2003190517425537
Si_46-933,1.070099949836731,1.0630139112472534
Si_46-1724,1.1474000215530396,1.1526687145233154
Si_46-3538,1.2120000123977661,1.2347153425216675
Si_34-594,1.1875,1.2106555700302124
Si_46-2259,1.135699987411499,1.155482292175293
Si_46-2229,1.18340003490448,1.1818698644638062
Si_46-1575,1.132099986076355,1.145902156829834
Si_46-709,1.159500002861023,1.1587704420089722
Si_46-3352,1.2201000452041626,1.1981265544891357
Si_46-94,1.093999981880188,1.085651159286499
Si_46-2975,1.2719999551773071,1.2476677894592285
Si_46-1664,1.1455999612808228,1.1004914045333862
Si_46-2393,1.2381000518798828,1.2313700914382935
Si_46-1092,1.1461000442504883,1.144139051437378
Si_46-846,1.0788999795913696,1.0988109111785889
Si_46-53,1.042799949645996,1.0391849279403687
Si_46-2036,1.1700999736785889,1.159599781036377
Si_46-3443,1.218400001525879,1.2027649879455566
Si_46-3919,1.3098000288009644,1.2758054733276367
Si_46-2496,1.1412999629974365,1.1380512714385986
Si_46-1756,1.2193000316619873,1.1966956853866577
Si_46-894,1.0666999816894531,1.0725032091140747
Si_46-2758,1.1527999639511108,1.14031183719635
Si_46-3780,1.38510000705719,1.3462926149368286
Si_46-2455,1.2134000062942505,1.1796003580093384
Si_46-3082,1.1757999658584595,1.1730968952178955
Si_46-3514,1.354699969291687,1.3618561029434204
Si_46-2348,1.1416000127792358,1.1638152599334717
Si_46-2170,1.204800009727478,1.1779530048370361
Si_34-666,1.2210999727249146,1.1882530450820923
Si_46-661,1.1243000030517578,1.1110235452651978
Si_34-228,1.1970000267028809,1.1568752527236938
Si_46-2409,1.1008000373840332,1.1531994342803955
Si_46-1542,1.1700999736785889,1.1661572456359863
Si_46-3509,1.299299955368042,1.2893062829971313
Si_46-1865,1.107100009918213,1.140177607536316
Si_46-3272,1.34089994430542,1.2997108697891235
Si_34-624,1.226699948310852,1.2172890901565552
Si_46-2935,1.2973999977111816,1.274409294128418
Si_46-2114,1.252500057220459,1.2369855642318726
Si_46-3644,1.3037999868392944,1.2866393327713013
Si_46-1562,1.1700999736785889,1.1669365167617798
Si_46-1769,1.0764000415802002,1.1010692119598389
Si_46-280,1.0748000144958496,1.0517072677612305
Si_46-1347,1.118899941444397,1.1353542804718018
Si_46-981,1.0922000408172607,1.0855997800827026
Si_46-2596,1.2762999534606934,1.2404133081436157
Si_46-3621,1.2720999717712402,1.2553696632385254
Si_46-3046,1.2979999780654907,1.3011195659637451
Si_34-42,1.173699975013733,1.1983366012573242
Si_46-285,1.0644999742507935,1.0528442859649658
Si_46-2535,1.1654000282287598,1.1528449058532715
Si_34-605,1.1682000160217285,1.1577892303466797
Si_34-507,1.230299949645996,1.2132318019866943
Si_46-2383,1.1770999431610107,1.1752034425735474
Si_34-303,1.1964000463485718,1.1865679025650024
Si_34-50,1.2508000135421753,1.2474594116210938
Si_46-3026,1.1289000511169434,1.1365679502487183
Si_46-1460,1.1039999723434448,1.0841723680496216
Si_46-1501,1.0788999795913696,1.077048659324646
Si_34-157,1.1886999607086182,1.178966999053955
Si_46-3406,1.2569999694824219,1.253508448600769
Si_34-254,1.260200023651123,1.2690098285675049
Si_46-2843,1.2666000127792358,1.2489471435546875
Si_34-833,1.1740000247955322,1.1482878923416138
Si_46-2667,1.1785000562667847,1.2037074565887451
Si_46-3598,1.153499960899353,1.1795753240585327
Si_46-2363,1.1253999471664429,1.135235071182251
Si_46-2795,1.1956000328063965,1.2188307046890259
Si_46-1785,1.2152999639511108,1.2077082395553589
Si_46-1903,1.1398999691009521,1.1074349880218506
Si_46-2741,1.1593999862670898,1.1595971584320068
Si_46-1245,1.0408999919891357,1.0523017644882202
Si_46-201,1.0331000089645386,1.0360617637634277
Si_46-3820,1.2984000444412231,1.269500732421875
Si_34-310,1.19350004196167,1.1946382522583008
Si_46-3635,1.3099000453948975,1.3255144357681274
Si_34-897,1.1765999794006348,1.1264159679412842
Si_46-2538,1.2180999517440796,1.2059805393218994
Si_46-3333,1.2418999671936035,1.2213810682296753
Si_34-218,1.180299997329712,1.1539355516433716
Si_34-636,1.151900053024292,1.1377522945404053
Si_46-3513,1.2944999933242798,1.2559252977371216
Si_46-2323,1.1395000219345093,1.1330580711364746
Si_34-216,1.2360999584197998,1.2116791009902954
Si_46-221,1.0788999795913696,1.0679101943969727
Si_34-324,1.2111999988555908,1.2009690999984741
Si_46-2802,1.2229000329971313,1.232043743133545
Si_46-373,1.0780999660491943,1.0653873682022095
Si_46-1051,1.1211999654769897,1.1227586269378662
Si_46-1878,1.1269999742507935,1.145005464553833
Si_46-2965,1.2404999732971191,1.2222107648849487
Si_46-3286,1.1871000528335571,1.208945393562317
Si_46-407,1.0550999641418457,1.061078429222107
Si_46-3773,1.2757999897003174,1.2529137134552002
Si_46-3852,1.3344999551773071,1.3100042343139648
Si_46-2756,1.2725000381469727,1.2343034744262695
Si_46-801,1.11489999294281,1.1258046627044678
Si_46-336,1.0611000061035156,1.0645002126693726
Si_46-2704,1.2610000371932983,1.2544653415679932
Si_46-3582,1.333299994468689,1.3446236848831177
Si_46-99,1.0372999906539917,1.0302239656448364
Si_46-3459,1.2249000072479248,1.2569400072097778
Si_34-843,1.2424999475479126,1.2548863887786865
Si_46-2140,1.19350004196167,1.1886194944381714
Si_46-1870,1.0845999717712402,1.0669503211975098
Si_46-1558,1.0959999561309814,1.0760588645935059
Si_46-625,1.0752999782562256,1.0707883834838867
Si_46-1867,1.1482000350952148,1.1452614068984985
Si_46-2129,1.208899974822998,1.2148798704147339
Si_46-1840,1.1038999557495117,1.1357239484786987
Si_46-3944,1.246000051498413,1.2488303184509277
Si_46-358,1.136199951171875,1.122898817062378
Si_46-438,1.0602999925613403,1.0476844310760498
Si_46-393,1.0356999635696411,1.025947093963623
Si_46-3294,1.2657999992370605,1.288571834564209
Si_46-1392,1.1172000169754028,1.1072312593460083
Si_46-1848,1.1992000341415405,1.1613761186599731
Si_46-3983,1.3043999671936035,1.2945466041564941
Si_46-2968,1.214900016784668,1.1914782524108887
Si_46-505,1.0710999965667725,1.0626695156097412
Si_46-2678,1.1647000312805176,1.1486328840255737
Si_46-2672,1.1713999509811401,1.1695446968078613
Si_46-1072,1.1229000091552734,1.145983099937439
Si_46-1758,1.1664999723434448,1.1735690832138062
Si_46-1760,1.13919997215271,1.0931578874588013
Si_46-1125,1.1095000505447388,1.11494779586792
Si_46-1707,1.1366000175476074,1.161429762840271
Si_46-1983,1.1902999877929688,1.1754674911499023
Si_46-3872,1.277899980545044,1.289746880531311
Si_46-2970,1.2051000595092773,1.1464921236038208
Si_46-561,1.0467000007629395,1.0462194681167603
Si_46-92,1.0712000131607056,1.062368392944336
Si_46-1873,1.2588000297546387,1.260970115661621
Si_46-1590,1.089400053024292,1.0949956178665161
Si_46-2660,1.1353000402450562,1.1147265434265137
Si_46-2868,1.215999960899353,1.1937986612319946
Si_34-747,1.1995999813079834,1.1791746616363525
Si_34-279,1.2157000303268433,1.2198272943496704
Si_46-2771,1.1862000226974487,1.1592612266540527
Si_46-1267,1.183500051498413,1.1744050979614258
Si_46-2728,1.1342999935150146,1.1551611423492432
Si_46-2573,1.2578999996185303,1.2307580709457397
Si_46-628,1.1024999618530273,1.0897462368011475
Si_46-1822,1.1153000593185425,1.1173739433288574
Si_46-1943,1.167199969291687,1.1364734172821045
Si_46-621,1.0749000310897827,1.0892409086227417
Si_46-8,1.0516999959945679,1.0518406629562378
Si_46-313,1.0634000301361084,1.0619407892227173
Si_34-264,1.2553000450134277,1.2708302736282349
Si_46-2180,1.1972999572753906,1.1945877075195312
Si_46-1228,1.1262999773025513,1.12906813621521
Si_46-377,1.0374000072479248,1.041672706604004
Si_34-333,1.2854000329971313,1.2777289152145386
Si_46-3256,1.1857000589370728,1.2091561555862427
Si_46-1126,1.1440000534057617,1.1363189220428467
Si_46-2030,1.1965999603271484,1.1972240209579468
Si_46-988,1.100600004196167,1.098567247390747
Si_46-1966,1.1900999546051025,1.173230767250061
Si_46-380,1.0782999992370605,1.080504059791565
Si_46-778,1.0845999717712402,1.0886387825012207
Si_46-1279,1.0465999841690063,1.0800800323486328
Si_46-394,1.0651999711990356,1.06380033493042
Si_46-2097,1.1562999486923218,1.16200852394104
Si_34-739,1.0917999744415283,1.1444705724716187
Si_46-3486,1.2294000387191772,1.220474362373352
Si_46-2197,1.2272000312805176,1.2006707191467285
Si_34-885,1.1826000213623047,1.1663707494735718
Si_34-910,1.2173999547958374,1.2042784690856934
Si_46-751,1.1404999494552612,1.1317846775054932
Si_46-469,1.121500015258789,1.117324948310852
Si_46-1606,1.117799997329712,1.1088604927062988
Si_46-2390,1.1999000310897827,1.1500786542892456
Si_46-3067,1.2168999910354614,1.2554806470870972
Si_46-1525,1.1051000356674194,1.1066547632217407
Si_34-266,1.1864999532699585,1.1905709505081177
Si_46-258,1.0579999685287476,1.0453085899353027
Si_46-863,1.1334999799728394,1.121850848197937
Si_46-1828,1.159999966621399,1.154503345489502
Si_46-2420,1.1085000038146973,1.1277631521224976
Si_34-84,1.2264000177383423,1.2443108558654785
Si_46-3300,1.2383999824523926,1.2186667919158936
Si_46-1330,1.1509000062942505,1.1678376197814941
Si_46-146,1.05239999294281,1.0477443933486938
Si_46-2572,1.0995999574661255,1.1259076595306396
Si_46-331,1.0435999631881714,1.0588533878326416
Si_46-1399,1.107200026512146,1.1023738384246826
Si_34-351,1.163599967956543,1.1821930408477783
Si_46-3812,1.2425999641418457,1.2347428798675537
Si_34-466,1.2936999797821045,1.2909497022628784
Si_46-3169,1.1790000200271606,1.2008891105651855
Si_46-1554,1.1305999755859375,1.1488035917282104
Si_46-2210,1.0943000316619873,1.1143748760223389
Si_34-877,1.1341999769210815,1.1442279815673828
Si_46-1632,1.1265000104904175,1.1079078912734985
Si_46-2547,1.1473000049591064,1.149415373802185
Si_46-548,1.155400037765503,1.1344507932662964
Si_46-3079,1.2877000570297241,1.2632591724395752
Si_46-2058,1.1585999727249146,1.1597332954406738
Si_46-539,1.0503000020980835,1.06012761592865
Si_46-3347,1.2624000310897827,1.2639384269714355
Si_46-3835,1.2999000549316406,1.2712042331695557
Si_46-433,1.0746999979019165,1.0803285837173462
Si_46-2546,1.235200047492981,1.2196388244628906
Si_46-1459,1.1483999490737915,1.1732224225997925
Si_46-1084,1.0839999914169312,1.0815482139587402
Si_34-306,1.2929999828338623,1.2950743436813354
Si_34-744,1.1513999700546265,1.1440463066101074
Si_46-1362,1.1380000114440918,1.1294612884521484
Si_46-3802,1.2265000343322754,1.2060247659683228
Si_46-357,1.0799000263214111,1.0714924335479736
Si_46-3069,1.2589999437332153,1.280961036682129
Si_46-1674,1.1114000082015991,1.1134268045425415
Si_46-1260,1.1368000507354736,1.1565001010894775
Si_46-2543,1.305299997329712,1.2762725353240967
Si_46-3586,1.2582999467849731,1.2253496646881104
Si_46-2674,1.117799997329712,1.1383525133132935
Si_46-3683,1.2869999408721924,1.2848286628723145
Si_46-3934,1.2360999584197998,1.2515517473220825
Si_46-1587,1.1658999919891357,1.1385115385055542
Si_46-1478,1.1553000211715698,1.1493637561798096
Si_46-1214,1.063599944114685,1.0943305492401123
Si_46-3214,1.3071000576019287,1.3095622062683105
Si_46-2569,1.166100025177002,1.1817350387573242
Si_46-3589,1.2806999683380127,1.2794173955917358
Si_46-516,1.061400055885315,1.0621076822280884
Si_46-2564,1.1390999555587769,1.1075637340545654
Si_46-1798,1.13919997215271,1.1364140510559082
Si_46-265,1.0663000345230103,1.0645701885223389
Si_46-1345,1.1761000156402588,1.1614649295806885
Si_34-692,1.1475000381469727,1.1744717359542847
Si_46-2405,1.146399974822998,1.1623550653457642
Si_34-876,1.1812000274658203,1.1275745630264282
Si_46-766,1.0259000062942505,1.0362639427185059
Si_34-101,1.192199945449829,1.2143598794937134
Si_46-519,1.0648000240325928,1.0645705461502075
Si_46-679,1.1080000400543213,1.0967499017715454
Si_46-2772,1.166599988937378,1.1575900316238403
Si_46-4018,1.3238999843597412,1.3294758796691895
Si_46-172,1.0814000368118286,1.0775853395462036
Si_46-2110,1.1656999588012695,1.1734843254089355
Si_46-525,1.09660005569458,1.0985356569290161
Si_46-183,1.0572999715805054,1.0615777969360352
Si_46-813,1.0573999881744385,1.051744818687439
Si_34-697,1.2294000387191772,1.1845426559448242
Si_46-345,1.042199969291687,1.0433952808380127
Si_46-1787,1.1469999551773071,1.117821455001831
Si_46-4004,1.2978999614715576,1.3061448335647583
Si_34-238,1.2431999444961548,1.2782787084579468
Si_46-211,1.0390000343322754,1.0368456840515137
Si_34-617,1.216599941253662,1.1995031833648682
Si_46-3400,1.2384999990463257,1.2519395351409912
Si_46-2586,1.1721999645233154,1.1802204847335815
Si_46-691,1.0891000032424927,1.0929956436157227
Si_34-219,1.273900032043457,1.2641863822937012
Si_34-91,1.2455999851226807,1.2244303226470947
Si_46-1646,1.1470999717712402,1.123083472251892
Si_46-3703,1.2651000022888184,1.250579595565796
Si_46-2690,1.216599941253662,1.2092500925064087
Si_46-3984,1.2021000385284424,1.2035976648330688
Si_46-1074,1.1700999736785889,1.1544623374938965
Si_46-1452,1.145400047302246,1.1106865406036377
Si_46-4021,1.2828999757766724,1.2819117307662964
Si_46-151,1.0262000560760498,1.029473066329956
Si_46-3689,1.2281999588012695,1.244827151298523
Si_46-2558,1.1312999725341797,1.1350674629211426
Si_46-3627,1.3092999458312988,1.2822524309158325
Si_46-2079,1.2231999635696411,1.2258325815200806
Si_34-288,1.2609000205993652,1.2557835578918457
Si_46-1417,1.1282000541687012,1.1099860668182373
Si_34-532,1.138200044631958,1.1468080282211304
Si_46-3521,1.2961000204086304,1.2922111749649048
Si_46-1365,1.1292999982833862,1.1233360767364502
Si_46-2343,1.2156000137329102,1.2077927589416504
Si_46-2566,1.2102999687194824,1.2249605655670166
Si_34-535,1.2817000150680542,1.2713112831115723
Si_46-3599,1.2818000316619873,1.2739883661270142
Si_46-2299,1.2246999740600586,1.193772315979004
Si_46-3029,1.2226999998092651,1.2379631996154785
Si_46-1808,1.2121000289916992,1.1832290887832642
Si_46-2521,1.2589000463485718,1.2398910522460938
Si_34-27,1.3451999425888062,1.3265621662139893
Si_46-3856,1.249400019645691,1.280935525894165
Si_34-437,1.2760000228881836,1.2693030834197998
Si_46-2243,1.2252000570297241,1.2101397514343262
Si_46-3898,1.2275999784469604,1.2554101943969727
Si_46-1467,1.1663000583648682,1.1543534994125366
Si_46-1535,1.0713000297546387,1.123051404953003
Si_46-830,1.1261999607086182,1.0985010862350464
Si_34-70,1.2753000259399414,1.2725199460983276
Si_46-1838,1.0473999977111816,1.0661697387695312
Si_46-1253,1.1506999731063843,1.1394424438476562
Si_46-1786,1.1073999404907227,1.093623161315918
Si_34-756,0.9927999973297119,1.038788080215454
Si_46-2693,1.1969000101089478,1.2187426090240479
Si_46-2792,1.2687000036239624,1.255521535873413
Si_34-842,1.1777000427246094,1.1825213432312012
Si_46-3086,1.3291000127792358,1.3331396579742432
Si_34-723,1.2266000509262085,1.201034426689148
Si_46-54,1.0577000379562378,1.056218147277832
Si_46-1595,1.113800048828125,1.1250004768371582
Si_46-2013,1.1200000047683716,1.1106317043304443
Si_34-758,1.1030000448226929,1.1146397590637207
Si_46-2636,1.2690000534057617,1.2465652227401733
Si_46-2876,1.1236000061035156,1.1914153099060059
Si_46-52,1.0256999731063843,1.031813144683838
Si_46-1600,1.1359000205993652,1.1285938024520874
Si_46-3463,1.3259999752044678,1.29739248752594
Si_46-1656,1.1629999876022339,1.1571904420852661
Si_46-3553,1.277999997138977,1.2645390033721924
Si_46-2006,1.1569000482559204,1.090770959854126
Si_46-3146,1.2542999982833862,1.2458808422088623
Si_46-2141,1.1719000339508057,1.171408772468567
Si_46-264,1.0627000331878662,1.0727086067199707
Si_46-477,1.0621999502182007,1.0635870695114136
Si_46-521,1.0714000463485718,1.0546773672103882
Si_46-2263,1.1999000310897827,1.1677582263946533
Si_34-926,1.0422999858856201,1.0887516736984253
Si_34-217,1.3149000406265259,1.2506535053253174
Si_46-1319,1.159000039100647,1.1604095697402954
Si_46-58,1.0490000247955322,1.0501294136047363
Si_34-720,1.1455999612808228,1.1083694696426392
Si_46-1857,1.1532000303268433,1.1447207927703857
Si_46-3680,1.347499966621399,1.3119035959243774
Si_46-817,1.1252000331878662,1.122588038444519
Si_46-386,1.0821000337600708,1.0663520097732544
Si_46-2881,1.2910000085830688,1.2792402505874634
Si_46-3684,1.3406000137329102,1.3054938316345215
Si_46-1729,1.1434999704360962,1.1212072372436523
Si_46-541,1.066100001335144,1.0514966249465942
Si_46-2247,1.235700011253357,1.2120639085769653
Si_34-316,1.2518999576568604,1.218087911605835
Si_46-3461,1.2276999950408936,1.2140827178955078
Si_46-1649,1.156499981880188,1.1565494537353516
Si_46-1914,1.198099970817566,1.1737836599349976
Si_46-1519,1.1758999824523926,1.1428073644638062
Si_46-2188,1.1698999404907227,1.2062147855758667
Si_34-809,1.2231999635696411,1.21846342086792
Si_46-423,1.0601999759674072,1.0780613422393799
Si_46-3305,1.2408000230789185,1.240054726600647
Si_46-1804,1.1258000135421753,1.1216962337493896
Si_46-3851,1.222100019454956,1.2515608072280884
Si_34-432,1.2003999948501587,1.1908392906188965
Si_46-1531,1.1339000463485718,1.13023042678833
Si_46-1021,1.0893000364303589,1.0857460498809814
Si_46-2147,1.1539000272750854,1.1347168684005737
Si_46-996,1.132599949836731,1.1356842517852783
Si_46-242,1.0745999813079834,1.0724830627441406
Si_46-1189,1.1746000051498413,1.1618521213531494
Si_46-2512,1.0322999954223633,1.1039223670959473
Si_46-507,1.0198999643325806,1.022789478302002
Si_46-2533,1.1526999473571777,1.1215388774871826
Si_46-1709,1.2038999795913696,1.1837873458862305
Si_46-581,1.0568000078201294,1.0572270154953003
Si_46-2186,1.1567000150680542,1.1440032720565796
Si_46-259,1.020900011062622,1.0150952339172363
Si_34-465,1.2008999586105347,1.18850839138031
Si_46-2800,1.192199945449829,1.2075847387313843
Si_46-1654,1.1684999465942383,1.154360294342041
Si_46-3267,1.2877000570297241,1.2792038917541504
Si_46-182,1.0535000562667847,1.0560272932052612
Si_46-2661,1.182800054550171,1.154134750366211
Si_46-2541,1.2477999925613403,1.2502164840698242
Si_34-688,1.0942000150680542,1.094992995262146
Si_46-1141,1.0774999856948853,1.0756617784500122
Si_46-3777,1.2766000032424927,1.289266586303711
Si_34-814,1.2299000024795532,1.2083839178085327
Si_46-3742,1.3006999492645264,1.300445795059204
Si_46-1445,1.045799970626831,1.080340027809143
Si_34-245,1.2163000106811523,1.2057677507400513
Si_46-2944,1.2630000114440918,1.256169319152832
Si_34-710,1.1656999588012695,1.165067195892334
Si_46-79,1.0770000219345093,1.075132966041565
Si_46-133,1.0454000234603882,1.053422451019287
Si_46-3901,1.284000039100647,1.2705638408660889
Si_46-714,1.1198999881744385,1.0977617502212524
Si_46-101,1.0809999704360962,1.079005479812622
Si_34-33,1.2930999994277954,1.2911884784698486
Si_34-800,1.1200000047683716,1.1357656717300415
Si_46-3469,1.298200011253357,1.290933609008789
Si_46-1235,1.124899983406067,1.1273014545440674
Si_34-735,1.174399971961975,1.1212515830993652
Si_34-880,1.1725000143051147,1.1669745445251465
Si_46-2300,1.1929999589920044,1.2196941375732422
Si_46-2974,1.2448999881744385,1.2285137176513672
Si_46-1668,1.1538000106811523,1.1333765983581543
Si_46-2842,1.2452000379562378,1.2499103546142578
Si_46-2890,1.107800006866455,1.088245153427124
Si_46-3625,1.2798000574111938,1.2762444019317627
Si_46-2082,1.1232999563217163,1.0952974557876587
Si_46-631,1.1598000526428223,1.1550352573394775
Si_34-74,1.2553000450134277,1.2672373056411743
Si_46-935,1.0435999631881714,1.0626851320266724
Si_46-3611,1.2378000020980835,1.2565655708312988
Si_46-2688,1.253000020980835,1.222630262374878
Si_34-695,1.1741000413894653,1.1807595491409302
Si_46-1679,1.1500999927520752,1.1052002906799316
Si_34-512,1.2050000429153442,1.1830393075942993
Si_46-2681,1.2781000137329102,1.2610573768615723
Si_46-3587,1.3509999513626099,1.309553623199463
Si_46-2472,1.280900001525879,1.256439208984375
Si_46-2336,1.2041000127792358,1.1797555685043335
Si_46-3830,1.2094000577926636,1.1938915252685547
Si_46-2948,1.2336000204086304,1.242247462272644
Si_34-150,1.2010999917984009,1.2036784887313843
Si_34-246,1.2480000257492065,1.23116135597229
Si_46-1809,1.113800048828125,1.1097261905670166
Si_46-3971,1.305799961090088,1.3063077926635742
Si_46-2760,1.246999979019165,1.2680107355117798
Si_46-850,1.139299988746643,1.1415808200836182
Si_46-1006,1.1067999601364136,1.1087790727615356
Si_34-175,1.1871999502182007,1.1798473596572876
Si_46-1180,1.1486999988555908,1.1537895202636719
Si_46-2820,1.1576999425888062,1.1418144702911377
Si_46-2377,1.2618000507354736,1.230441689491272
Si_46-608,1.0879000425338745,1.0884281396865845
Si_46-656,1.1324000358581543,1.1271885633468628
Si_46-1404,1.0923999547958374,1.0941581726074219
Si_46-2057,1.1640000343322754,1.1742522716522217
Si_46-1095,1.1931999921798706,1.1850446462631226
Si_46-3564,1.2208000421524048,1.2319188117980957
Si_34-453,1.205199956893921,1.211488127708435
Si_46-3533,1.2239999771118164,1.2044734954833984
Si_34-233,1.243899941444397,1.2342182397842407
Si_34-854,1.2072999477386475,1.2238926887512207
Si_46-3212,1.305999994277954,1.2663869857788086
Si_46-3583,1.2502000331878662,1.2176381349563599
Si_46-3730,1.2360999584197998,1.2194738388061523
Si_46-1508,1.0362000465393066,1.034035325050354
Si_46-125,1.0455000400543213,1.0402028560638428
Si_46-3456,1.2228000164031982,1.2554240226745605
Si_34-452,1.142699956893921,1.157992959022522
Si_46-2729,1.1699999570846558,1.1662073135375977
Si_46-3184,1.201799988746643,1.2195351123809814
Si_46-2051,1.2199000120162964,1.2334163188934326
Si_46-3137,1.2173999547958374,1.220211148262024
Si_46-3099,1.2608000040054321,1.2698376178741455
Si_34-555,1.095900058746338,1.096082329750061
Si_46-2418,1.091599941253662,1.1437572240829468
Si_46-3159,1.306399941444397,1.2845189571380615
Si_46-1190,1.0546000003814697,1.0618503093719482
Si_46-1281,1.152400016784668,1.1292433738708496
Si_34-120,1.2666000127792358,1.264088749885559
Si_46-2215,1.146299958229065,1.1128498315811157
Si_34-850,1.0924999713897705,1.1070263385772705
Si_46-3368,1.292799949645996,1.3005951642990112
Si_34-603,1.0949000120162964,1.1278918981552124
Si_34-846,1.148800015449524,1.1842516660690308
Si_46-1990,1.2244999408721924,1.2467083930969238
Si_46-3398,1.1601999998092651,1.1697577238082886
Si_46-1099,1.1287000179290771,1.1351864337921143
Si_46-1116,1.1348999738693237,1.1252070665359497
Si_46-2008,1.118899941444397,1.1482430696487427
Si_46-3095,1.322700023651123,1.2997106313705444
Si_46-3575,1.3198000192642212,1.3086906671524048
Si_46-486,1.0744999647140503,1.0585379600524902
Si_46-3841,1.2273999452590942,1.254001498222351
Si_46-1088,1.138100028038025,1.1443498134613037
Si_46-2996,1.2107000350952148,1.2081726789474487
Si_46-528,1.076300024986267,1.0700443983078003
Si_34-104,1.2555999755859375,1.2531665563583374
Si_46-2316,1.1914000511169434,1.210915207862854
Si_46-1300,1.1368000507354736,1.1315228939056396
Si_46-2109,1.2757999897003174,1.2714390754699707
Si_46-730,1.0672999620437622,1.0599833726882935
Si_46-1970,1.169100046157837,1.130582571029663
Si_46-652,1.115399956703186,1.1055744886398315
Si_34-828,1.2755999565124512,1.2259703874588013
Si_34-908,1.1845999956130981,1.1339781284332275
Si_34-386,1.3250000476837158,1.289607286453247
Si_46-3545,1.2502000331878662,1.2175688743591309
Si_46-1120,1.059000015258789,1.0677578449249268
Si_46-1284,1.1477999687194824,1.1549896001815796
Si_46-2485,1.2182999849319458,1.240380048751831
Si_46-3904,1.3118000030517578,1.2857733964920044
Si_46-715,1.0908000469207764,1.0980274677276611
Si_46-3330,1.2316999435424805,1.2428635358810425
Si_46-2327,1.1875,1.206325888633728
Si_46-434,1.0706000328063965,1.0712388753890991
Si_46-1102,1.1872999668121338,1.1706204414367676
Si_46-768,1.0706000328063965,1.0615718364715576
Si_46-2173,1.128100037574768,1.1305428743362427
Si_46-371,1.0815000534057617,1.0721774101257324
Si_46-3130,1.2094000577926636,1.2077648639678955
Si_46-3640,1.3343000411987305,1.3204848766326904
Si_34-304,1.2626999616622925,1.2562994956970215
Si_46-3676,1.3016999959945679,1.270845890045166
Si_46-3037,1.2301000356674194,1.2125470638275146
Si_46-684,1.0566999912261963,1.0695741176605225
Si_46-3262,1.264799952507019,1.2524856328964233
Si_34-645,1.0884000062942505,1.1055601835250854
Si_46-482,1.1520999670028687,1.148285150527954
Si_46-1546,1.1628999710083008,1.152519702911377
Si_46-1816,1.1539000272750854,1.1734256744384766
Si_34-352,1.2582999467849731,1.2447160482406616
Si_46-2403,1.1588000059127808,1.1653096675872803
Si_34-44,1.1986000537872314,1.2098814249038696
Si_46-1048,1.1663000583648682,1.1302950382232666
Si_46-1271,1.1439000368118286,1.1383864879608154
Si_46-2570,1.2354999780654907,1.2192610502243042
Si_34-557,1.1821999549865723,1.2340779304504395
Si_46-2932,1.3116999864578247,1.2796250581741333
Si_46-2907,1.270799994468689,1.23721182346344
Si_46-4020,1.1899000406265259,1.220406413078308
Si_46-296,1.073799967765808,1.072414517402649
Si_46-301,1.0467000007629395,1.047868013381958
Si_46-795,1.1018999814987183,1.0960885286331177
Si_46-1015,1.1474000215530396,1.129210114479065
Si_46-460,1.0746999979019165,1.06354558467865
Si_46-2123,1.170699954032898,1.1696979999542236
Si_46-3995,1.2927000522613525,1.281934380531311
Si_46-3458,1.2209999561309814,1.237658143043518
Si_46-2823,1.309399962425232,1.3139680624008179
Si_46-256,1.0628999471664429,1.0629080533981323
Si_46-2412,1.131500005722046,1.1519097089767456
Si_46-3953,1.3381999731063843,1.3332957029342651
Si_46-2967,1.2529000043869019,1.224204421043396
Si_46-2399,1.211300015449524,1.2271192073822021
Si_46-1241,1.107100009918213,1.105799913406372
Si_46-2786,1.1818000078201294,1.1604913473129272
Si_46-1379,1.1340999603271484,1.1365399360656738
Si_46-2387,1.2278000116348267,1.2347701787948608
Si_46-2901,1.1533000469207764,1.199411153793335
Si_46-2224,1.1131999492645264,1.1205354928970337
Si_46-3637,1.2933000326156616,1.2751215696334839
Si_46-2877,1.2247999906539917,1.218962550163269
Si_46-1908,1.205299973487854,1.193567156791687
Si_46-1290,1.1161999702453613,1.1381404399871826
Si_46-1425,1.1706000566482544,1.1834707260131836
Si_46-2118,1.2094000577926636,1.1740574836730957
Si_34-589,1.2229000329971313,1.2298569679260254
Si_34-687,1.0865000486373901,1.0947712659835815
Si_34-715,1.0722999572753906,1.120923638343811
Si_46-343,1.0776000022888184,1.0765671730041504
Si_46-341,1.0462000370025635,1.0620886087417603
Si_46-879,1.1677000522613525,1.1646666526794434
Si_46-50,1.051900029182434,1.0517922639846802
Si_34-122,1.1791000366210938,1.211295485496521
Si_46-934,1.1208000183105469,1.101124882698059
Si_46-3745,1.1686999797821045,1.2002683877944946
Si_46-1206,1.0547000169754028,1.0828299522399902
Si_46-3801,1.248900055885315,1.2611104249954224
Si_34-567,1.1187000274658203,1.1589001417160034
Si_46-2318,1.2687000036239624,1.23081636428833
Si_46-2175,1.1871999502182007,1.229291319847107
Si_46-2883,1.2007999420166016,1.1819498538970947
Si_46-284,1.017899990081787,1.0076756477355957
Si_34-922,1.1926000118255615,1.1897783279418945
Si_46-2389,1.1983000040054321,1.1919125318527222
Si_46-1191,1.1297999620437622,1.1468968391418457
Si_34-359,1.169100046157837,1.186902403831482
Si_46-311,1.0503000020980835,1.0504913330078125
Si_34-449,1.184399962425232,1.172300100326538
Si_34-462,1.2019000053405762,1.2162091732025146
Si_46-2105,1.1744999885559082,1.155808448791504
Si_46-2966,1.248900055885315,1.1959559917449951
Si_34-364,1.1849000453948975,1.1729512214660645
Si_46-359,1.0844999551773071,1.0807820558547974
Si_46-2562,1.3056999444961548,1.2835886478424072
Si_46-1969,1.1440999507904053,1.14668607711792
Si_34-383,1.1722999811172485,1.1559641361236572
Si_46-3692,1.1816999912261963,1.2173289060592651
Si_34-583,1.2400000095367432,1.224660038948059
Si_46-974,1.1474000215530396,1.1201900243759155
Si_46-2349,1.0952999591827393,1.1140424013137817
Si_34-863,1.198799967765808,1.2086191177368164
Si_34-622,1.1758999824523926,1.1679672002792358
Si_46-538,1.1294000148773193,1.1212085485458374
Si_46-3073,1.3777999877929688,1.3436026573181152
Si_46-776,1.017899990081787,1.0357728004455566
Si_46-1132,1.1166000366210938,1.136570930480957
Si_34-725,1.2235000133514404,1.2301300764083862
Si_46-2908,1.1337000131607056,1.144055962562561
Si_46-812,1.0793999433517456,1.095479965209961
Si_46-3252,1.186900019645691,1.243418574333191
Si_46-716,1.1097999811172485,1.1068614721298218
Si_46-432,1.0937999486923218,1.0876622200012207
Si_46-225,1.0772000551223755,1.0806705951690674
Si_46-2889,1.291599988937378,1.2752079963684082
Si_46-441,1.0950000286102295,1.0894279479980469
Si_46-1135,1.1029000282287598,1.0923964977264404
Si_46-3942,1.2719999551773071,1.2448350191116333
Si_46-3696,1.285599946975708,1.2945010662078857
Si_46-2811,1.2516000270843506,1.2533268928527832
Si_46-2041,1.1720000505447388,1.1606258153915405
Si_46-633,1.0497000217437744,1.0480127334594727
Si_34-607,1.0507999658584595,1.0771363973617554
Si_46-1663,1.198799967765808,1.1746398210525513
Si_46-1850,1.1757999658584595,1.148845911026001
Si_46-2011,1.2755000591278076,1.2801778316497803
Si_46-2962,1.2426999807357788,1.2376397848129272
Si_46-3354,1.281000018119812,1.2641961574554443
Si_46-995,1.118399977684021,1.1366642713546753
Si_46-2971,1.2359999418258667,1.2415000200271606
Si_46-2722,1.232200026512146,1.2230712175369263
Si_46-3455,1.2683000564575195,1.2655688524246216
Si_46-2516,1.2502000331878662,1.2366738319396973
Si_46-3108,1.2635999917984009,1.2396981716156006
Si_46-1800,1.1904000043869019,1.1698399782180786
Si_46-3604,1.3042000532150269,1.3100346326828003
Si_46-927,1.0810999870300293,1.0783265829086304
Si_46-2762,1.1240999698638916,1.1193172931671143
Si_46-546,1.0849000215530396,1.0910588502883911
Si_46-1620,1.208799958229065,1.195250391960144
Si_46-3076,1.2545000314712524,1.2401846647262573
Si_46-1331,1.114799976348877,1.1425435543060303
Si_46-1849,1.1546000242233276,1.1637933254241943
Si_46-3452,1.2864999771118164,1.2817991971969604
Si_34-474,1.2446999549865723,1.2375417947769165
Si_46-574,1.0644999742507935,1.063388705253601
Si_46-1814,1.1895999908447266,1.1790920495986938
Si_34-408,1.1604000329971313,1.1725696325302124
Si_46-2770,1.2573000192642212,1.2130908966064453
Si_34-469,1.1273000240325928,1.1190885305404663
Si_46-3594,1.2812999486923218,1.2940503358840942
Si_46-3776,1.2245999574661255,1.2113384008407593
Si_46-3608,1.166700005531311,1.2236019372940063
Si_46-1079,1.0889999866485596,1.0751006603240967
Si_46-1188,1.0749000310897827,1.0819110870361328
Si_46-3274,1.3069000244140625,1.3228706121444702
Si_46-2128,1.212499976158142,1.189793348312378
Si_34-155,1.1999000310897827,1.1659185886383057
Si_34-552,1.075600028038025,1.0548975467681885
Si_46-2019,1.1309000253677368,1.1554462909698486
Si_34-140,1.2396999597549438,1.2321542501449585
Si_46-2858,1.1829999685287476,1.2239561080932617
Si_46-2500,1.1757999658584595,1.206178069114685
Si_46-3450,1.246000051498413,1.248137354850769
Si_46-1371,1.1497999429702759,1.1052649021148682
Si_46-360,1.1152000427246094,1.1125025749206543
Si_46-3071,1.1865999698638916,1.2224277257919312
Si_34-153,1.2524000406265259,1.2571330070495605
Si_34-825,1.0893000364303589,1.0844131708145142
Si_46-3133,1.3174999952316284,1.2883933782577515
Si_34-290,1.2497999668121338,1.2324193716049194
Si_46-2515,1.2269999980926514,1.220384120941162
Si_34-389,1.2389999628067017,1.2425321340560913
Si_46-437,1.0543999671936035,1.0541348457336426
Si_46-1002,1.1445000171661377,1.143339991569519
Si_46-2838,1.1505999565124512,1.147003173828125
Si_46-2726,1.280900001525879,1.2741495370864868
Si_46-4005,1.3177000284194946,1.3159414529800415
Si_46-2116,1.1165000200271606,1.1236052513122559
Si_34-312,1.1749000549316406,1.1838043928146362
Si_46-1249,1.1755000352859497,1.1588642597198486
Si_34-444,1.152999997138977,1.134727954864502
Si_46-2161,1.1908999681472778,1.1669663190841675
Si_46-2534,1.1288000345230103,1.141685962677002
Si_46-2145,1.1684999465942383,1.1977832317352295
Si_46-1484,1.0922000408172607,1.0943454504013062
Si_46-3883,1.3243000507354736,1.330505132675171
Si_46-773,1.1291999816894531,1.1214590072631836
Si_34-121,1.2831000089645386,1.29202139377594
Si_46-3654,1.3036999702453613,1.300450325012207
Si_46-2445,1.1670000553131104,1.1149206161499023
Si_46-518,1.0923000574111938,1.0801985263824463
Si_46-3094,1.2525999546051025,1.1996264457702637
Si_46-1224,1.1464999914169312,1.1378177404403687
Si_46-2654,1.1892999410629272,1.2169216871261597
Si_46-1170,1.12090003490448,1.1156342029571533
Si_46-1287,1.1260000467300415,1.111194372177124
Si_46-3324,1.2842999696731567,1.2542368173599243
Si_34-592,1.1578999757766724,1.1287373304367065
Si_46-2092,1.1502000093460083,1.1619668006896973
Si_46-2098,1.2199000120162964,1.230156421661377
Si_46-3213,1.1921000480651855,1.2169368267059326
Si_46-3024,1.229099988937378,1.2252153158187866
Si_46-1988,1.1454999446868896,1.170124888420105
Si_34-208,1.2728999853134155,1.2632735967636108
Si_46-326,1.0894999504089355,1.0798848867416382
Si_46-3641,1.2948999404907227,1.2907981872558594
Si_46-858,1.1145000457763672,1.120498538017273
Si_46-3930,1.2518999576568604,1.2647461891174316
Si_34-346,1.2192000150680542,1.2049574851989746
Si_34-930,1.1755000352859497,1.1200140714645386
Si_46-3185,1.2422000169754028,1.2593414783477783
Si_46-1759,1.1403000354766846,1.1477324962615967
Si_46-3217,1.2117999792099,1.1810500621795654
Si_46-400,1.0443999767303467,1.0474927425384521
Si_46-1282,1.1259000301361084,1.1060738563537598
Si_46-1553,1.1383999586105347,1.1533881425857544
Si_46-2447,1.2625999450683594,1.2557387351989746
Si_46-3059,1.2417999505996704,1.2814801931381226
Si_46-3410,1.0887999534606934,1.1285840272903442
Si_46-2751,1.2273000478744507,1.2208144664764404
Si_46-3207,1.2487000226974487,1.2578721046447754
Si_46-1778,1.1714999675750732,1.1860016584396362
Si_46-932,1.1196000576019287,1.1197667121887207
Si_34-547,1.1224000453948975,1.1296004056930542
Si_46-1725,1.1411999464035034,1.1570515632629395
Si_46-2484,1.2109999656677246,1.2222925424575806
Si_46-113,1.0363999605178833,1.0412408113479614
Si_46-1564,1.2041000127792358,1.1837780475616455
Si_46-3907,1.2303999662399292,1.2544487714767456
Si_46-1035,1.2136000394821167,1.2293862104415894
Si_46-864,1.1051000356674194,1.101189136505127
Si_34-373,1.2305999994277954,1.2184574604034424
Si_46-926,1.139299988746643,1.115380883216858
Si_46-2891,1.1518000364303589,1.1279189586639404
Si_46-216,1.0509999990463257,1.0413780212402344
Si_46-3383,1.2263000011444092,1.241219162940979
Si_46-497,1.0860999822616577,1.0873616933822632
Si_46-2370,1.1140999794006348,1.1142032146453857
Si_46-3063,1.2870999574661255,1.2629640102386475
Si_46-254,1.0662000179290771,1.0700839757919312
Si_46-2089,1.1323000192642212,1.1353347301483154
Si_46-491,1.055899977684021,1.0545053482055664
Si_46-1285,1.0923000574111938,1.10121488571167
Si_34-285,1.2024999856948853,1.225480079650879
Si_46-3357,1.169100046157837,1.1849364042282104
Si_46-674,1.104699969291687,1.096049427986145
Si_34-374,1.1726000308990479,1.186320424079895
Si_46-2732,1.2509000301361084,1.2337489128112793
Si_46-2825,1.2458000183105469,1.237314224243164
Si_34-422,1.1920000314712524,1.198096752166748
Si_34-268,1.2014000415802002,1.208991527557373
Si_46-3914,1.4042999744415283,1.3503690958023071
Si_34-471,1.236199975013733,1.2718186378479004
Si_46-3837,1.3034000396728516,1.298714280128479
Si_46-269,1.1145999431610107,1.1054660081863403
Si_34-220,1.190500020980835,1.2035129070281982
Si_46-1215,1.1269999742507935,1.1052672863006592
Si_46-3311,1.2440999746322632,1.2304000854492188
Si_46-3386,1.214900016784668,1.209699034690857
Si_46-836,1.1176999807357788,1.1295570135116577
Si_46-3304,1.3753000497817993,1.343216896057129
Si_46-487,1.0914000272750854,1.1010040044784546
Si_46-3081,1.2051000595092773,1.1939311027526855
Si_46-1334,1.1426000595092773,1.1223901510238647
Si_46-1641,1.1130000352859497,1.1279391050338745
Si_34-811,0.9717000126838684,1.0527057647705078
Si_46-1963,1.0937999486923218,1.1085799932479858
Si_34-172,1.1339000463485718,1.164649248123169
Si_46-3807,1.3099000453948975,1.3040210008621216
Si_46-610,1.052299976348877,1.064274549484253
Si_46-238,1.0760999917984009,1.0711193084716797
Si_46-2645,1.2157000303268433,1.1994318962097168
Si_46-2381,1.1353000402450562,1.1667206287384033
Si_34-229,1.1396000385284424,1.1644048690795898
Si_46-2148,1.0149999856948853,1.0473086833953857
Si_34-514,1.1806000471115112,1.1727278232574463
Si_34-919,1.180999994277954,1.1893994808197021
Si_46-316,1.0643999576568604,1.0772058963775635
Si_46-3250,1.2280999422073364,1.2168574333190918
Si_46-2984,1.1236000061035156,1.1912038326263428
Si_46-3017,1.2139999866485596,1.2666038274765015
Si_46-2900,1.2208000421524048,1.213889479637146
Si_46-2904,1.1835999488830566,1.1414761543273926
Si_46-2065,1.183500051498413,1.1761088371276855
Si_46-3915,1.2034000158309937,1.202412724494934
Si_34-193,1.2755999565124512,1.2709298133850098
Si_46-1247,1.1490999460220337,1.1420055627822876
Si_46-1797,1.1064000129699707,1.1318024396896362
Si_46-3606,1.2359000444412231,1.208667516708374
Si_46-227,1.0498000383377075,1.0584237575531006
Si_46-3025,1.1650999784469604,1.1817659139633179
Si_46-3395,1.123900055885315,1.161146879196167
Si_46-3384,1.2929999828338623,1.2898845672607422
Si_46-2395,1.2101000547409058,1.1982285976409912
Si_46-122,1.0227999687194824,1.03803551197052
Si_46-1475,1.0921000242233276,1.137510061264038
Si_34-682,1.083899974822998,1.0717734098434448
Si_46-3959,1.3039000034332275,1.2974522113800049
Si_46-3150,1.288699984550476,1.2999217510223389
Si_46-750,1.1073999404907227,1.1015712022781372
Si_46-3251,1.1883000135421753,1.1897090673446655
Si_46-1374,1.0694999694824219,1.0888615846633911
Si_46-1353,1.1856000423431396,1.1670928001403809
Si_46-3806,1.207800030708313,1.2012319564819336
Si_46-1104,1.0855000019073486,1.0959091186523438
Si_46-1291,1.1332999467849731,1.1369372606277466
Si_46-3825,1.2757999897003174,1.2866733074188232
Si_46-2450,1.107200026512146,1.1027805805206299
Si_46-3314,1.198099970817566,1.2337439060211182
Si_46-510,1.0671000480651855,1.0749872922897339
Si_34-447,1.184499979019165,1.195641279220581
Si_46-970,1.1548000574111938,1.160646677017212
Si_46-3518,1.372499942779541,1.3126438856124878
Si_34-354,1.184499979019165,1.1704869270324707
Si_34-870,1.1970000267028809,1.2012238502502441
Si_46-33,1.0286999940872192,1.0302444696426392
Si_46-788,1.0456000566482544,1.0552756786346436
Si_46-1469,1.226099967956543,1.2218626737594604
Si_46-2306,1.0895999670028687,1.1141822338104248
Si_46-2755,1.2735999822616577,1.2489246129989624
Si_46-140,1.0542999505996704,1.0397988557815552
Si_46-228,1.0793999433517456,1.076575756072998
Si_46-862,1.0786999464035034,1.080472707748413
Si_46-1527,1.1097999811172485,1.1257480382919312
Si_46-3378,1.2055000066757202,1.2096155881881714
Si_46-532,1.1440000534057617,1.14979887008667
Si_34-890,1.2125999927520752,1.1855136156082153
Si_46-2492,1.1438000202178955,1.1514111757278442
Si_46-3567,1.2381000518798828,1.246220350265503
Si_46-3007,1.1361000537872314,1.1189088821411133
Si_46-639,1.0166000127792358,1.0036182403564453
Si_46-1333,1.0982999801635742,1.101804494857788
Si_46-2567,1.141800045967102,1.1607658863067627
Si_46-662,1.058500051498413,1.0602118968963623
Si_46-2953,1.2512999773025513,1.2530168294906616
Si_46-3280,1.1983000040054321,1.229683518409729
Si_46-2828,1.245300054550171,1.2633652687072754
Si_46-2055,1.1672999858856201,1.1514041423797607
Si_46-2597,1.097100019454956,1.1398347616195679
Si_34-446,1.1380000114440918,1.1250691413879395
Si_46-3885,1.270799994468689,1.268051266670227
Si_46-2798,1.2484999895095825,1.2294241189956665
Si_46-2354,1.2388999462127686,1.2404141426086426
Si_34-85,1.2625000476837158,1.2570792436599731
Si_46-2571,1.1038999557495117,1.1454094648361206
Si_46-582,1.0740000009536743,1.0874696969985962
Si_34-429,1.284999966621399,1.2833242416381836
Si_34-776,1.2763999700546265,1.2573556900024414
Si_46-1883,1.104599952697754,1.1141108274459839
Si_46-2442,1.1607999801635742,1.1536669731140137
Si_34-693,1.1601999998092651,1.152721881866455
Si_34-322,1.2109999656677246,1.2354260683059692
Si_46-1902,1.1366000175476074,1.13809335231781
Si_34-190,1.2058000564575195,1.204406499862671
Si_46-2987,1.2454999685287476,1.2348716259002686
Si_34-901,1.2582000494003296,1.2806875705718994
Si_34-148,1.2300000190734863,1.2218488454818726
Si_46-583,1.0407999753952026,1.0549415349960327
Si_46-3779,1.343500018119812,1.3291189670562744
Si_46-356,1.0658999681472778,1.0605376958847046
Si_34-538,1.1829999685287476,1.1792070865631104
Si_46-2902,1.217900037765503,1.2194538116455078
Si_46-1045,1.174399971961975,1.1622341871261597
Si_46-3693,1.2742999792099,1.2611298561096191
Si_46-552,1.1014000177383423,1.0820930004119873
Si_46-2983,1.2833000421524048,1.260918140411377
Si_46-3390,1.1865999698638916,1.2138434648513794
Si_46-3291,1.2788000106811523,1.264626383781433
Si_46-2294,1.1265000104904175,1.1301194429397583
Si_46-635,1.0746999979019165,1.0822762250900269
Si_46-3886,1.343999981880188,1.3141355514526367
Si_46-2657,1.225000023841858,1.23286771774292
Si_46-387,1.0657999515533447,1.0574504137039185
Si_46-613,1.0801000595092773,1.0590509176254272
Si_34-900,1.1612999439239502,1.1383154392242432
Si_46-809,1.0234999656677246,1.010580062866211
Si_34-778,1.0851000547409058,1.1137558221817017
Si_46-142,1.0282000303268433,1.0304663181304932
Si_46-156,1.031499981880188,1.0328171253204346
Si_34-703,1.2226999998092651,1.2120912075042725
Si_46-2833,1.2283999919891357,1.233435034751892
Si_46-3829,1.2407000064849854,1.2081719636917114
Si_46-1014,1.1009999513626099,1.1141387224197388
Si_46-131,1.054800033569336,1.062913417816162
Si_46-511,1.0650999546051025,1.0797523260116577
Si_46-194,1.0585999488830566,1.05463707447052
Si_34-764,1.1849000453948975,1.2065643072128296
Si_34-851,1.2513999938964844,1.2449462413787842
Si_46-2205,1.162600040435791,1.1452841758728027
Si_46-3868,1.3640999794006348,1.3206133842468262
Si_46-328,1.0542000532150269,1.061420202255249
Si_46-643,1.0865999460220337,1.0803213119506836
Si_46-3489,1.269700050354004,1.2414562702178955
Si_46-2023,1.1675000190734863,1.17771315574646
Si_46-3420,1.2670999765396118,1.2560807466506958
Si_46-398,1.0983999967575073,1.1014255285263062
Si_46-1941,1.2049000263214111,1.1883395910263062
Si_46-1175,1.0844000577926636,1.075196385383606
Si_46-3601,1.1714999675750732,1.2021528482437134
Si_46-1194,1.0989999771118164,1.106949806213379
Si_46-86,1.0602999925613403,1.0590420961380005
Si_46-3430,1.208299994468689,1.198093295097351
Si_34-435,1.2233999967575073,1.224427580833435
Si_34-181,1.2783000469207764,1.2532867193222046
Si_46-3845,1.3610999584197998,1.3459320068359375
Si_34-837,1.075700044631958,1.093564748764038
Si_46-3149,1.3467999696731567,1.3230706453323364
Si_46-103,1.073199987411499,1.0735857486724854
Si_46-2312,1.1201000213623047,1.1357704401016235
Si_46-614,1.090399980545044,1.0903394222259521
Si_46-959,1.1341999769210815,1.1488001346588135
Si_46-1389,1.1375999450683594,1.1166539192199707
Si_46-126,1.0827000141143799,1.0773078203201294
Si_46-3474,1.249500036239624,1.2421544790267944
Si_46-2639,1.2848000526428223,1.2592469453811646
Si_46-1660,1.138200044631958,1.1056640148162842
Si_46-3057,1.2102999687194824,1.1705385446548462
Si_34-105,1.2282999753952026,1.23477041721344
Si_46-2622,1.2598999738693237,1.275636911392212
Si_46-584,1.083400011062622,1.0818601846694946
Si_46-1059,1.092900037765503,1.0920945405960083
Si_46-1548,1.1679999828338623,1.139757513999939
Si_46-277,1.080299973487854,1.064645767211914
Si_46-2328,1.1612999439239502,1.1654356718063354
Si_46-760,1.0871000289916992,1.0942546129226685
Si_34-602,1.2208000421524048,1.184992790222168
Si_46-2837,1.2252999544143677,1.185965657234192
Si_46-3263,1.3091000318527222,1.2997946739196777
Si_46-2227,1.1835999488830566,1.1715449094772339
Si_46-838,1.0957000255584717,1.073923945426941
Si_46-2746,1.2157000303268433,1.206286907196045
Si_46-1042,1.0124000310897827,1.0130127668380737
Si_34-621,1.2194000482559204,1.1701767444610596
Si_46-1626,1.164199948310852,1.1707606315612793
Si_46-3191,1.1438000202178955,1.1506849527359009
Si_46-1258,1.1032999753952026,1.1125895977020264
Si_34-425,1.2024999856948853,1.2325842380523682
Si_46-647,1.0742000341415405,1.0902304649353027
Si_46-3822,1.333400011062622,1.310559630393982
Si_46-271,1.0657000541687012,1.0610034465789795
Si_34-855,1.1643999814987183,1.1780107021331787
Si_46-808,1.0419000387191772,1.055594563484192
Si_46-2433,1.2252999544143677,1.239839792251587
Si_46-3951,1.179900050163269,1.1667534112930298
Si_34-765,1.0782999992370605,1.0504286289215088
Si_46-3724,1.3386000394821167,1.3596528768539429
Si_46-3155,1.2683000564575195,1.260020136833191
Si_34-585,1.0607999563217163,1.0801087617874146
Si_46-2643,1.1893999576568604,1.1670621633529663
Si_34-295,1.2144999504089355,1.180066466331482
Si_34-75,1.2134000062942505,1.2126306295394897
Si_46-102,1.035099983215332,1.0380315780639648
Si_46-998,1.1029000282287598,1.116371750831604
Si_46-2563,1.195099949836731,1.1381791830062866
Si_34-448,1.232100009918213,1.2304918766021729
Si_46-261,1.1066999435424805,1.1040890216827393
Si_34-78,1.2547999620437622,1.2543588876724243
Si_46-1000,1.1130000352859497,1.1266493797302246
Si_46-1950,1.1232000589370728,1.1261323690414429
Si_34-635,1.212499976158142,1.211447834968567
Si_46-1569,1.1131000518798828,1.1418181657791138
Si_46-351,1.0882999897003174,1.0939122438430786
Si_46-12,1.0206999778747559,1.028612732887268
Si_46-1311,1.1232000589370728,1.1435375213623047
Si_46-367,1.0420000553131104,1.0301296710968018
Si_46-68,1.055400013923645,1.0545289516448975
Si_46-609,1.1132999658584595,1.107382893562317
Si_46-2009,1.1223000288009644,1.1252796649932861
Si_46-3371,1.3672000169754028,1.3448865413665771
Si_46-1688,1.070099949836731,1.0928964614868164
Si_34-716,1.2102999687194824,1.186321496963501
Si_46-1089,1.0671000480651855,1.0858104228973389
Si_34-501,1.1715999841690063,1.1698473691940308
Si_46-3276,1.2944999933242798,1.2855321168899536
Si_46-2923,1.267799973487854,1.2470760345458984
Si_46-3536,1.3243000507354736,1.2876681089401245
Si_46-246,1.0210000276565552,1.0425207614898682
Si_46-3585,1.2371000051498413,1.2564836740493774
Si_46-2003,1.1943000555038452,1.1860766410827637
Si_46-1468,1.211899995803833,1.202018141746521
Si_34-263,1.1547000408172607,1.1729404926300049
Si_46-1825,1.2223000526428223,1.2238680124282837
Si_34-757,1.0964000225067139,1.0906487703323364
Si_46-588,1.052299976348877,1.0599621534347534
Si_46-3515,1.277999997138977,1.2822538614273071
Si_46-3739,1.3293999433517456,1.355987548828125
Si_46-3574,1.3588000535964966,1.3438706398010254
Si_46-3056,1.2346999645233154,1.264358639717102
Si_46-1923,1.0852999687194824,1.1070332527160645
Si_46-925,1.0674999952316284,1.0740187168121338
Si_34-482,1.1717000007629395,1.1997474431991577
Si_46-2304,1.176200032234192,1.1552083492279053
Si_34-185,1.2086000442504883,1.2146042585372925
Si_34-712,1.1470999717712402,1.142926812171936
Si_46-3163,1.2131999731063843,1.2173526287078857
Si_46-3228,1.2740999460220337,1.257678747177124
Si_46-3391,1.260200023651123,1.2558741569519043
Si_46-840,1.0999000072479248,1.1116453409194946
Si_46-3414,1.1904000043869019,1.2084258794784546
Si_46-1805,1.1799999475479126,1.1550415754318237
Si_46-3387,1.2786999940872192,1.2869629859924316
Si_34-110,1.2049000263214111,1.2326472997665405
Si_46-841,1.0888999700546265,1.087761402130127
Si_46-3854,1.3672000169754028,1.346023678779602
Si_46-2249,1.2274999618530273,1.2478214502334595
Si_46-3566,1.211899995803833,1.2186506986618042
Si_46-3842,1.2694000005722046,1.2725563049316406
Si_46-792,1.0729000568389893,1.0844815969467163
Si_46-2362,1.1430000066757202,1.1270177364349365
Si_46-1750,1.09660005569458,1.0946190357208252
Si_46-3819,1.2187999486923218,1.2563186883926392
Si_46-1283,1.1434999704360962,1.0994658470153809
Si_46-3649,1.2935999631881714,1.314856767654419
Si_46-2113,1.1829999685287476,1.1756610870361328
Si_34-729,1.1526999473571777,1.1688884496688843
Si_46-2367,1.2318999767303467,1.2321550846099854
Si_46-904,1.1411999464035034,1.1192560195922852
Si_46-2101,1.1504000425338745,1.1179851293563843
Si_46-1686,1.1523000001907349,1.139031171798706
Si_46-1549,1.2259000539779663,1.204383134841919
Si_34-787,1.1260000467300415,1.1540104150772095
Si_46-839,1.1296000480651855,1.1335704326629639
Si_46-1411,1.1345000267028809,1.1200774908065796
Si_46-3417,1.2562999725341797,1.2581154108047485
Si_46-243,1.0343999862670898,1.0290793180465698
Si_46-3066,1.2668999433517456,1.2301437854766846
Si_46-612,1.1053999662399292,1.1081974506378174
Si_34-200,1.1708999872207642,1.1527681350708008
Si_34-196,1.1363999843597412,1.1269911527633667
Si_46-2553,1.2072999477386475,1.2084568738937378
Si_34-239,1.2059999704360962,1.2064605951309204
Si_46-2357,1.129699945449829,1.1302943229675293
Si_34-180,1.2690000534057617,1.260046124458313
Si_46-2106,1.0698000192642212,1.1205370426177979
Si_46-3140,1.1705000400543213,1.1868433952331543
Si_46-3774,1.2806999683380127,1.2488340139389038
Si_46-3190,1.1852999925613403,1.1706496477127075
Si_46-2311,1.219599962234497,1.1957710981369019
Si_46-1783,1.1928999423980713,1.1791800260543823
Si_34-911,1.2654999494552612,1.2322083711624146
Si_46-2347,1.1920000314712524,1.181847333908081
Si_46-3781,1.2577999830245972,1.2389166355133057
Si_34-458,1.1576999425888062,1.1813068389892578
Si_46-1608,1.1412999629974365,1.1204997301101685
Si_46-3643,1.2268999814987183,1.2438530921936035
Si_46-690,1.1125999689102173,1.0961748361587524
Si_34-678,1.172700047492981,1.2204663753509521
Si_46-1129,1.1208000183105469,1.1334779262542725
Si_34-883,1.0556999444961548,1.0175029039382935
Si_34-929,1.13510000705719,1.1603344678878784
Si_46-1381,1.1579999923706055,1.1477060317993164
Si_46-3385,1.2998000383377075,1.3001031875610352
Si_46-273,1.0606000423431396,1.0739177465438843
Si_46-2812,1.2390999794006348,1.2397918701171875
Si_46-3888,1.2822999954223633,1.2639389038085938
Si_46-2865,1.2359999418258667,1.2530021667480469
Si_46-2980,1.194000005722046,1.1552157402038574
Si_34-307,1.1970000267028809,1.192296028137207
Si_46-1666,1.1029000282287598,1.118924617767334
Si_46-2635,1.1502000093460083,1.1548032760620117
Si_46-3690,1.2829999923706055,1.2761777639389038
Si_34-392,1.1346999406814575,1.1387341022491455
Si_34-430,1.2015999555587769,1.1895451545715332
Si_46-2666,1.1956000328063965,1.17070734500885
Si_46-2930,1.232200026512146,1.2379424571990967
Si_46-2676,1.259600043296814,1.214318037033081
Si_46-3111,1.146399974822998,1.1315046548843384
Si_46-2386,1.2127000093460083,1.1954270601272583
Si_46-234,1.052299976348877,1.0623071193695068
Si_34-225,1.2654000520706177,1.2643886804580688
Si_46-847,1.1548999547958374,1.1505961418151855
Si_46-3178,1.3224999904632568,1.318074345588684
Si_46-670,1.086899995803833,1.063470482826233
Si_46-2330,1.2486000061035156,1.2362509965896606
Si_34-520,1.1629999876022339,1.1189757585525513
Si_46-1053,1.167199969291687,1.1703598499298096
Si_34-371,1.125499963760376,1.0845803022384644
Si_46-1617,1.1553000211715698,1.1369184255599976
Si_46-922,1.0779999494552612,1.0823991298675537
Si_34-209,1.2914999723434448,1.2570408582687378
Si_46-3520,1.2337000370025635,1.2483872175216675
Si_46-3160,1.2143000364303589,1.2047884464263916
Si_46-3723,1.270300030708313,1.2566020488739014
Si_46-834,1.0865999460220337,1.0805182456970215
Si_46-2718,1.2720999717712402,1.260745882987976
Si_34-872,1.2323999404907227,1.1777453422546387
Si_46-405,1.097599983215332,1.0969572067260742
Si_46-3338,1.3343000411987305,1.3082143068313599
Si_46-1863,1.215399980545044,1.242251992225647
Si_46-2731,1.1792999505996704,1.2039659023284912
Si_46-2855,1.2009999752044678,1.197091817855835
Si_34-845,1.1960999965667725,1.2173603773117065
Si_46-800,1.101699948310852,1.1111810207366943
Si_46-1512,1.176900029182434,1.1642471551895142
Si_34-35,1.3307000398635864,1.3102130889892578
Si_34-86,1.2965999841690063,1.2768476009368896
Si_46-442,1.0720000267028809,1.0638136863708496
Si_46-219,1.072100043296814,1.0765430927276611
Si_46-478,1.1197999715805054,1.1161088943481445
Si_34-380,1.1527999639511108,1.166211724281311
Si_34-90,1.2663999795913696,1.2574316263198853
Si_46-771,1.0185999870300293,1.0112648010253906
Si_46-4006,1.2438000440597534,1.2481154203414917
Si_46-2439,1.2475999593734741,1.2325623035430908
Si_46-2320,1.1109999418258667,1.11151921749115
Si_46-47,1.0806000232696533,1.06396484375
Si_46-165,1.0443999767303467,1.0338644981384277
Si_46-1741,1.1276999711990356,1.1233664751052856
Si_46-791,1.077299952507019,1.0808098316192627
Si_46-3634,1.3210999965667725,1.321666955947876
Si_46-3664,1.3014999628067017,1.298980951309204
Si_46-274,1.0404000282287598,1.0489624738693237
Si_34-582,1.2426999807357788,1.2131409645080566
Si_46-2641,1.2308000326156616,1.2187918424606323
Si_46-1130,1.1305999755859375,1.1477646827697754
Si_46-3747,1.2366000413894653,1.201602816581726
Si_46-143,1.080299973487854,1.0777384042739868
Si_46-3301,1.2633999586105347,1.2535507678985596
Si_34-296,1.2201999425888062,1.223197102546692
Si_34-754,1.24590003490448,1.2337915897369385
Si_46-2706,1.1928999423980713,1.203475832939148
Si_46-2192,1.1506999731063843,1.1669797897338867
Si_46-1174,1.1470999717712402,1.1356219053268433
Si_46-11,1.0819000005722046,1.0682989358901978
Si_46-2464,1.2827999591827393,1.2574716806411743
Si_46-312,1.0693999528884888,1.0638471841812134
Si_46-1504,1.1708999872207642,1.1719905138015747
Si_46-2884,1.2961000204086304,1.2748602628707886
Si_46-1699,1.2005000114440918,1.1572110652923584
Si_46-1134,1.1549999713897705,1.1361751556396484
Si_46-1119,1.059399962425232,1.1007111072540283
Si_46-2421,1.0908000469207764,1.1322567462921143
Si_46-1772,1.202299952507019,1.1994441747665405
Si_46-1276,1.1273000240325928,1.1295620203018188
Si_46-1815,1.0489000082015991,1.0676902532577515
Si_46-1749,1.1782000064849854,1.1637924909591675
Si_46-13,1.0516999959945679,1.0518406629562378
Si_46-3691,1.2721999883651733,1.2970937490463257
Si_46-3753,1.2235000133514404,1.2274084091186523
Si_46-2136,1.1553000211715698,1.1491475105285645
Si_46-3477,1.2532999515533447,1.2755156755447388
Si_46-1559,1.1796000003814697,1.1595689058303833
Si_46-278,1.0329999923706055,1.0357626676559448
Si_46-2895,1.2288999557495117,1.162613868713379
Si_46-3662,1.1446000337600708,1.1404403448104858
Si_46-2961,1.260200023651123,1.2617549896240234
Si_46-992,1.1104999780654907,1.098018765449524
Si_46-536,1.0621999502182007,1.0576496124267578
Si_46-1277,1.156000018119812,1.1579326391220093
Si_46-3948,1.2311999797821045,1.2223327159881592
Si_46-1027,1.0952999591827393,1.055053472518921
Si_34-230,1.288599967956543,1.279699444770813
Si_46-769,1.1231000423431396,1.1160131692886353
Si_34-630,1.0902999639511108,1.1040781736373901
Si_46-324,1.1092000007629395,1.1013755798339844
Si_46-2857,1.166700005531311,1.1574275493621826
Si_46-3557,1.3241000175476074,1.3143850564956665
Si_46-3945,1.3065999746322632,1.282859206199646
Si_46-2878,1.250599980354309,1.2494678497314453
Si_34-536,1.097599983215332,1.1117453575134277
Si_34-490,1.097100019454956,1.108729362487793
Si_46-2769,1.2598999738693237,1.2715246677398682
Si_46-3465,1.3056000471115112,1.3202697038650513
Si_46-2659,1.2129000425338745,1.186437726020813
Si_34-823,1.1930999755859375,1.2163885831832886
Si_46-1216,1.0765000581741333,1.0965701341629028
Si_46-1803,1.1663000583648682,1.190201997756958
Si_46-1837,1.156000018119812,1.1668903827667236
Si_46-3711,1.306399941444397,1.3171581029891968
Si_46-129,1.0774999856948853,1.0762683153152466
Si_34-684,1.2441999912261963,1.2626863718032837
Si_46-2714,1.1934000253677368,1.1648683547973633
Si_46-3946,1.2303999662399292,1.2351431846618652
Si_46-3659,1.3100999593734741,1.2965167760849
Si_46-1650,1.11080002784729,1.118368148803711
Si_46-3895,1.302899956703186,1.2664579153060913
Si_46-2368,1.1907999515533447,1.193563461303711
Si_46-1063,1.1434999704360962,1.1650837659835815
Si_46-3405,1.2545000314712524,1.2593531608581543
Si_46-796,1.0467000007629395,1.0589741468429565
Si_46-1550,1.0871000289916992,1.101845145225525
Si_34-138,1.2558000087738037,1.251610279083252
Si_46-2103,1.1729999780654907,1.1550627946853638
Si_46-1480,1.0546000003814697,1.0723884105682373
Si_46-1115,1.0959999561309814,1.112720012664795
Si_46-2438,1.1502000093460083,1.1509239673614502
Si_46-1708,1.1837999820709229,1.1395938396453857
Si_34-868,1.1899000406265259,1.1994330883026123
Si_46-713,1.0793999433517456,1.0896947383880615
Si_46-2257,1.174399971961975,1.1715747117996216
Si_46-114,1.079699993133545,1.0777153968811035
Si_46-1415,1.038100004196167,1.042000651359558
Si_46-1310,1.1634999513626099,1.1597481966018677
Si_46-107,1.104599952697754,1.0943424701690674
Si_46-1826,1.2163000106811523,1.1903239488601685
Si_46-2552,1.2662999629974365,1.260704755783081
Si_46-3053,1.249400019645691,1.2452219724655151
Si_46-2914,1.152999997138977,1.1750819683074951
Si_46-3562,1.3716000318527222,1.3239840269088745
Si_34-748,1.1069999933242798,1.12224280834198
Si_46-3482,1.2151000499725342,1.221487283706665
Si_46-2077,1.1334999799728394,1.1673533916473389
Si_46-276,1.0657000541687012,1.0577473640441895
Si_46-1044,1.1007000207901,1.084841012954712
Si_34-906,1.311400055885315,1.2933611869812012
Si_34-563,1.04830002784729,1.0600961446762085
Si_46-2503,1.1777000427246094,1.174453854560852
Si_46-1275,1.1269999742507935,1.1312205791473389
Si_46-1788,1.1973999738693237,1.1896288394927979
Si_46-910,1.0850000381469727,1.0870532989501953
Si_46-1187,1.0808000564575195,1.0980370044708252
Si_46-237,1.0844000577926636,1.0864790678024292
Si_46-3981,1.228600025177002,1.278670072555542
Si_46-2954,1.201300024986267,1.214077115058899
Si_46-3756,1.2304999828338623,1.230762004852295
Si_46-132,1.0565999746322632,1.0558271408081055
Si_46-2501,1.214400053024292,1.2029248476028442
Si_46-81,1.05239999294281,1.0597023963928223
Si_46-1703,1.1394000053405762,1.1100568771362305
Si_46-289,1.1075999736785889,1.1021956205368042
Si_46-2372,1.17330002784729,1.1566537618637085
Si_46-941,1.1375999450683594,1.1453800201416016
Si_46-3864,1.2619999647140503,1.243371844291687
Si_34-857,1.141800045967102,1.1754705905914307
Si_46-217,1.077299952507019,1.080670714378357
Si_46-1229,1.1303000450134277,1.150644063949585
Si_46-364,1.0760999917984009,1.072568655014038
Si_46-2924,1.0901000499725342,1.1112290620803833
Si_46-1091,1.0851000547409058,1.062217354774475
Si_46-3271,1.260599970817566,1.2836004495620728
Si_46-397,1.0707999467849731,1.076750636100769
Si_34-309,1.1927000284194946,1.218196988105774
Si_46-1920,1.058899998664856,1.079014778137207
Si_46-997,1.0960999727249146,1.101158857345581
Si_46-406,1.052299976348877,1.0489158630371094
Si_46-1906,1.156000018119812,1.1466038227081299
Si_46-502,1.1061999797821045,1.106719732284546
Si_46-2222,1.139299988746643,1.1392509937286377
Si_46-233,1.094499945640564,1.0872923135757446
Si_46-1685,1.1502000093460083,1.1552881002426147
Si_34-861,1.073199987411499,1.104203701019287
Si_46-973,1.0722999572753906,1.0723191499710083
Si_46-2969,1.2524000406265259,1.2483330965042114
Si_46-3240,1.3272000551223755,1.3361687660217285
Si_34-65,1.1857999563217163,1.2203800678253174
Si_46-2272,1.1516000032424927,1.1386898756027222
Si_46-3202,1.3115999698638916,1.297037124633789
Si_34-665,1.131700038909912,1.1458035707473755
Si_46-890,1.1226999759674072,1.1132887601852417
Si_34-281,1.2302000522613525,1.2391302585601807
Si_46-355,1.0516999959945679,1.048048496246338
Si_46-318,1.0413999557495117,1.0378038883209229
Si_46-816,1.1095000505447388,1.1222025156021118
Si_46-4011,1.2922999858856201,1.2931357622146606
Si_46-803,1.1090999841690063,1.1194647550582886
Si_46-1145,1.1160999536514282,1.1101192235946655
Si_46-2554,1.1842999458312988,1.1788784265518188
Si_46-1177,1.093400001525879,1.089561939239502
Si_46-3472,1.3446999788284302,1.305863380432129
Si_46-1375,1.1670000553131104,1.1726073026657104
Si_46-1652,1.2163000106811523,1.2056593894958496
Si_46-3660,1.3055000305175781,1.2829525470733643
Si_46-3264,1.1934000253677368,1.1921635866165161
Si_34-236,1.2131999731063843,1.2317638397216797
Si_46-2035,1.2125999927520752,1.1709766387939453
Si_46-3388,1.291700005531311,1.2991340160369873
Si_46-173,1.057800054550171,1.054385781288147
Si_46-1121,1.0717999935150146,1.0723614692687988
Si_46-798,1.118399977684021,1.1186705827713013
Si_46-923,1.0542999505996704,1.042473316192627
Si_34-32,1.2689000368118286,1.2513487339019775
Si_46-1406,1.1051000356674194,1.1084814071655273
Si_46-2761,1.176200032234192,1.150739312171936
Si_34-83,1.1974999904632568,1.2284599542617798
Si_46-2859,1.2727999687194824,1.2271697521209717
Si_46-3351,1.253600001335144,1.2089917659759521
Si_46-3600,1.1354000568389893,1.1295497417449951
Si_34-48,1.204699993133545,1.2346441745758057
Si_46-2084,1.1658999919891357,1.1735903024673462
Si_34-56,1.2610000371932983,1.2638578414916992
Si_34-564,1.2102999687194824,1.2138535976409912
Si_46-159,1.0705000162124634,1.062781810760498
Si_46-3016,1.215399980545044,1.2050689458847046
Si_46-1359,1.2187000513076782,1.209666132926941
Si_46-1346,1.131500005722046,1.1450750827789307
Si_46-3292,1.2908999919891357,1.269801378250122
Si_46-3440,1.2914999723434448,1.2753769159317017
Si_46-953,1.0964000225067139,1.0993071794509888
Si_46-1681,1.0684000253677368,1.0885121822357178
Si_46-1113,1.1634999513626099,1.1608465909957886
Si_46-2258,1.1780999898910522,1.1865489482879639
Si_46-3964,1.2864999771118164,1.3084940910339355
Si_34-554,1.0901000499725342,1.0988070964813232
Si_46-2910,1.247499942779541,1.2520630359649658
Si_46-3427,1.2374000549316406,1.241018295288086
Si_46-2179,1.207200050354004,1.199643850326538
Si_46-2042,1.2647000551223755,1.2367103099822998
Si_46-605,1.0743999481201172,1.0743473768234253
Si_46-3797,1.2457000017166138,1.2453279495239258
Si_46-604,1.0923000574111938,1.0721665620803833
Si_46-154,1.082200050354004,1.077785849571228
Si_46-503,1.0870000123977661,1.0799050331115723
Si_46-969,1.0963000059127808,1.0722174644470215
Si_46-650,1.0786000490188599,1.0651270151138306
Si_46-2748,1.1924999952316284,1.138506293296814
Si_46-591,1.1121000051498413,1.092286467552185
Si_46-3511,1.235700011253357,1.2807271480560303
Si_46-2612,1.127500057220459,1.158115029335022
Si_46-900,1.097000002861023,1.0987889766693115
Si_34-904,1.3099000453948975,1.2876430749893188
Si_46-3808,1.2812999486923218,1.2763607501983643
Si_46-3049,1.256500005722046,1.310839056968689
Si_46-1918,1.1445000171661377,1.1217684745788574
Si_46-3546,1.2209999561309814,1.2219665050506592
Si_46-3005,1.3539999723434448,1.3285391330718994
Si_46-3478,1.2799999713897705,1.259602665901184
Si_46-3857,1.3324999809265137,1.326061487197876
Si_46-134,1.070099949836731,1.0631077289581299
Si_46-745,1.107200026512146,1.1119040250778198
Si_46-3932,1.3361999988555908,1.3215718269348145
Si_46-1892,1.1441999673843384,1.1399868726730347
Si_46-1473,1.1842000484466553,1.1650227308273315
Si_46-680,1.082900047302246,1.0911400318145752
Si_46-1433,1.1854000091552734,1.182268500328064
Si_46-3342,1.2510000467300415,1.2454981803894043
Si_46-1195,1.1677000522613525,1.1501057147979736
Si_46-1640,1.1523000001907349,1.1464189291000366
Si_46-382,1.1105999946594238,1.1068216562271118
Si_46-2871,1.1928000450134277,1.2057820558547974
Si_34-227,1.198799967765808,1.2113929986953735
Si_46-950,1.1088999509811401,1.139449954032898
Si_46-1340,1.1273000240325928,1.1197309494018555
Si_46-1670,1.1604000329971313,1.1351277828216553
Si_34-363,1.1476999521255493,1.13126540184021
Si_34-613,1.1390999555587769,1.1379051208496094
Si_34-540,1.267699956893921,1.2916591167449951
Si_46-3939,1.3223999738693237,1.3270307779312134
Si_46-1368,1.1418999433517456,1.1281287670135498
Si_34-923,1.129699945449829,1.1190334558486938
Si_46-319,1.0332000255584717,1.044870138168335
Si_46-620,1.0723999738693237,1.049600601196289
Si_46-424,1.075700044631958,1.0685527324676514
Si_46-885,1.066499948501587,1.0781623125076294
Si_46-717,1.0825999975204468,1.0879511833190918
Si_46-3340,1.3214000463485718,1.3206614255905151
Si_46-2899,1.2450000047683716,1.265420913696289
Si_34-852,1.0846999883651733,1.1262179613113403
Si_46-1746,1.1519999504089355,1.1695953607559204
Si_46-719,1.1017999649047852,1.0789921283721924
Si_46-854,1.097599983215332,1.1085089445114136
Si_46-1165,1.1298999786376953,1.1220920085906982
Si_46-3203,1.2014000415802002,1.1886521577835083
Si_46-128,1.0532000064849854,1.0629814863204956
Si_46-1765,1.2034000158309937,1.2013405561447144
Si_46-3457,1.233299970626831,1.2445777654647827
Si_46-3492,1.2336000204086304,1.2253693342208862
Si_34-524,1.2178000211715698,1.197670817375183
Si_46-35,1.0898000001907349,1.070375919342041
Si_46-2072,1.167199969291687,1.1508711576461792
Si_46-699,1.0925999879837036,1.05924654006958
Si_46-1901,1.1775000095367432,1.1660631895065308
Si_46-247,1.1109000444412231,1.0923492908477783
Si_46-1083,1.0778000354766846,1.0774555206298828
Si_46-3148,1.191499948501587,1.1654499769210815
Si_46-3446,1.2276999950408936,1.2424671649932861
Si_46-1036,1.0916999578475952,1.0927537679672241
Si_34-124,1.2697999477386475,1.2738826274871826
Si_46-556,1.0800000429153442,1.0795916318893433
Si_46-1900,1.136299967765808,1.1549166440963745
Si_46-297,1.051200032234192,1.0567954778671265
Si_46-1108,1.1279000043869019,1.1230323314666748
Si_46-1810,1.1369999647140503,1.1277918815612793
Si_34-864,1.166700005531311,1.1382951736450195
Si_34-298,1.2425999641418457,1.219876766204834
Si_46-3695,1.201200008392334,1.2271608114242554
Si_46-3976,1.3217999935150146,1.282313346862793
Si_46-3754,1.3217999935150146,1.3160016536712646
Si_46-2921,1.2020000219345093,1.197009801864624
Si_34-377,1.2116999626159668,1.234131097793579
Si_46-1202,1.1449999809265137,1.1278936862945557
Si_46-174,1.0734000205993652,1.0721473693847656
Si_46-2752,1.2115999460220337,1.238602876663208
Si_46-3936,1.1327999830245972,1.1620880365371704
Si_46-540,1.0601999759674072,1.0749748945236206
Si_46-1721,1.192199945449829,1.1985156536102295
Si_46-2271,1.1385999917984009,1.1779500246047974
Si_46-392,1.045799970626831,1.0549404621124268
Si_46-1231,1.1081000566482544,1.1137064695358276
Si_46-2466,1.1712000370025635,1.1809508800506592
Si_46-1706,1.1582000255584717,1.1353148221969604
Si_46-2576,1.2735999822616577,1.2358219623565674
Si_46-1332,1.1312999725341797,1.1375840902328491
Si_46-1712,1.229699969291687,1.2314976453781128
Si_46-3517,1.2755999565124512,1.2498687505722046
Si_34-365,1.0750999450683594,1.1080641746520996
Si_46-3504,1.3193999528884888,1.304548740386963
Si_46-2028,1.2488000392913818,1.243566632270813
Si_46-1574,1.2188999652862549,1.2051422595977783
Si_46-415,1.0609999895095825,1.038456678390503
Si_46-443,1.107200026512146,1.1058049201965332
Si_46-787,1.101199984550476,1.1020489931106567
Si_46-2695,1.1562000513076782,1.185348629951477
Si_34-521,1.2228000164031982,1.2048099040985107
Si_46-3871,1.1611000299453735,1.2114028930664062
Si_46-1928,1.093999981880188,1.084043264389038
Si_46-710,1.1050000190734863,1.1003750562667847
Si_46-2669,1.2121000289916992,1.1962462663650513
Si_46-2094,1.2192000150680542,1.2156236171722412
Si_46-1396,1.1390999555587769,1.1570218801498413
Si_46-2951,1.144700050354004,1.1672232151031494
Si_34-336,1.1826000213623047,1.160119891166687
Si_34-445,1.228600025177002,1.1966150999069214
Si_46-230,1.066499948501587,1.0748543739318848
Si_46-2007,1.2044999599456787,1.2260135412216187
Si_46-3051,1.1984000205993652,1.2207093238830566
Si_46-1529,1.1361000537872314,1.1126446723937988
Si_34-892,1.083899974822998,1.0951167345046997
Si_46-117,1.0505000352859497,1.0495293140411377
Si_46-2059,1.2418999671936035,1.222475528717041
Si_46-870,1.0313999652862549,1.051247477531433
Si_46-2252,1.1883000135421753,1.1883635520935059
Si_34-294,1.2604000568389893,1.2347402572631836
Si_46-1022,1.0217000246047974,1.0392447710037231
Si_46-585,1.0986000299453735,1.1004524230957031
Si_46-1667,1.0824999809265137,1.1158031225204468
Si_34-928,1.094599962234497,1.1422096490859985
Si_46-2153,1.219599962234497,1.2044001817703247
Si_46-1580,1.154099941253662,1.1264938116073608
Si_46-374,1.0914000272750854,1.0887562036514282
Si_46-2353,1.1253000497817993,1.1094578504562378
Si_46-3928,1.3170000314712524,1.3339946269989014
Si_46-3491,1.1979000568389893,1.2525368928909302
Si_46-1957,1.128000020980835,1.1403520107269287
Si_46-2617,1.204699993133545,1.2221657037734985
Si_46-3563,1.2792999744415283,1.2443301677703857
Si_34-328,1.1999000310897827,1.2132409811019897
Si_34-308,1.2812000513076782,1.2580429315567017
Si_46-2609,1.1627999544143677,1.1703435182571411
Si_46-1225,1.1553000211715698,1.1334093809127808
Si_46-1078,1.1714999675750732,1.1758843660354614
Si_46-1945,1.1519999504089355,1.1554850339889526
Si_46-1651,1.155400037765503,1.1441477537155151
Si_46-3559,1.3004000186920166,1.2795101404190063
Si_46-190,1.0520000457763672,1.06175696849823
Si_46-3241,1.163100004196167,1.1815452575683594
Si_46-2841,1.208299994468689,1.2222840785980225
Si_46-663,1.0758999586105347,1.0790873765945435
Si_46-2476,1.2031999826431274,1.208830714225769
Si_46-4003,1.3063000440597534,1.2749923467636108
Si_46-3725,1.373900055885315,1.3578907251358032
Si_46-2090,1.2024999856948853,1.194027066230774
Si_46-2575,1.194200038909912,1.189637303352356
Si_46-2250,1.26419997215271,1.2544939517974854
Si_46-1792,1.173699975013733,1.1958465576171875
Si_46-450,1.0575000047683716,1.0726264715194702
Si_34-338,1.2043999433517456,1.1993030309677124
Si_46-2896,1.184000015258789,1.159433126449585
Si_46-1526,1.1793999671936035,1.1806541681289673
Si_46-2026,1.226699948310852,1.2487077713012695
Si_34-67,1.2448999881744385,1.2416841983795166
Si_34-39,1.2635999917984009,1.2836209535598755
Si_46-220,1.0262999534606934,1.0320281982421875
Si_46-3607,1.2753000259399414,1.3037680387496948
Si_34-797,1.1445000171661377,1.1251243352890015
Si_34-804,1.1922999620437622,1.1992226839065552
Si_46-3894,1.281000018119812,1.2576196193695068
Si_46-2411,1.1461999416351318,1.159229040145874
Si_46-1673,1.122499942779541,1.158220887184143
Si_46-3790,1.235700011253357,1.2512192726135254
Si_46-365,1.0384999513626099,1.0566093921661377
Si_46-2844,1.2263000011444092,1.2283400297164917
Si_34-569,1.2793999910354614,1.2946696281433105
Si_46-3897,1.3250000476837158,1.34795343875885
Si_46-3836,1.253600001335144,1.2530664205551147
Si_46-2335,1.1936999559402466,1.1842831373214722
Si_46-764,1.072700023651123,1.077357292175293
Si_34-632,1.2312999963760376,1.1877282857894897
Si_46-3605,1.233199954032898,1.2302570343017578
Si_46-2131,1.174299955368042,1.1685106754302979
Si_46-1325,1.159999966621399,1.1746747493743896
Si_46-175,1.101699948310852,1.0900112390518188
Si_46-1221,1.0980000495910645,1.1074647903442383
Si_46-1868,1.0979000329971313,1.109582543373108
Si_46-200,1.0236999988555908,1.0411922931671143
Si_34-786,1.1491999626159668,1.1395395994186401
Si_46-3364,1.205399990081787,1.212935209274292
Si_46-1199,1.1159000396728516,1.127967357635498
Si_34-63,1.2516000270843506,1.2474924325942993
Si_46-2606,1.2014000415802002,1.2125886678695679
Si_46-1571,1.1066999435424805,1.0854458808898926
Si_46-3792,1.2654000520706177,1.2641927003860474
Si_46-1635,1.1692999601364136,1.1814243793487549
Si_34-137,1.2170000076293945,1.2099112272262573
Si_46-638,1.098099946975708,1.0996582508087158
Si_46-3221,1.2618999481201172,1.246830701828003
Si_46-2468,1.1633000373840332,1.199774980545044
Si_46-689,1.1028000116348267,1.0897494554519653
Si_34-619,1.2402000427246094,1.2260003089904785
Si_46-1405,1.0299999713897705,1.0723978281021118
Si_46-1622,1.1288000345230103,1.1208068132400513
Si_46-2847,1.2891000509262085,1.2885502576828003
Si_46-1598,1.051800012588501,1.0928668975830078
Si_46-3573,1.177899956703186,1.2058075666427612
Si_46-1639,1.1885000467300415,1.174282431602478
Si_46-3085,1.187000036239624,1.1994706392288208
Si_46-2002,1.1441999673843384,1.1463992595672607
Si_46-2122,1.1865999698638916,1.2065969705581665
Si_46-164,1.0527000427246094,1.0387696027755737
Si_34-107,1.273900032043457,1.2901605367660522
Si_34-473,1.1861000061035156,1.218557596206665
Si_46-2759,1.2308000326156616,1.230629801750183
Si_46-3471,1.3449000120162964,1.31099271774292
Si_46-939,1.0694999694824219,1.0764732360839844
Si_34-159,1.2111999988555908,1.2336479425430298
Si_46-3832,1.212399959564209,1.195225715637207
Si_34-291,1.215499997138977,1.2281832695007324
Si_46-3510,1.297700047492981,1.2887147665023804
Si_46-1176,1.1649999618530273,1.1390292644500732
Si_46-3485,1.233299970626831,1.2280923128128052
Si_34-927,1.0880000591278076,1.0937577486038208
Si_46-2766,1.1965999603271484,1.194975733757019
Si_34-454,1.3301000595092773,1.3019025325775146
Si_46-2206,1.2319999933242798,1.2197290658950806
Si_46-77,1.0336999893188477,1.0340780019760132
Si_46-2692,1.198199987411499,1.1897605657577515
Si_46-3376,1.3050999641418457,1.2978121042251587
Si_46-506,1.0785000324249268,1.0885229110717773
Si_46-576,1.1018999814987183,1.1075458526611328
Si_46-206,1.0472999811172485,1.0336863994598389
Si_34-376,1.1979999542236328,1.1896388530731201
Si_46-913,1.1482000350952148,1.1369092464447021
Si_34-106,1.2736999988555908,1.2828905582427979
Si_46-1198,1.1642999649047852,1.14712655544281
Si_46-893,1.0845999717712402,1.1105796098709106
Si_34-608,1.1452000141143799,1.163338541984558
Si_46-1665,1.1456999778747559,1.1416220664978027
Si_46-2912,1.2164000272750854,1.2042529582977295
Si_46-2506,1.1029000282287598,1.14442777633667
Si_46-571,1.0760999917984009,1.0850145816802979
Si_46-2768,1.1124000549316406,1.1423157453536987
Si_46-1496,1.1712000370025635,1.1580365896224976
Si_46-2231,1.239300012588501,1.1963056325912476
Si_46-3603,1.261199951171875,1.2538199424743652
Si_34-459,1.1675000190734863,1.1966114044189453
Si_46-3196,1.17330002784729,1.1602115631103516
Si_46-1243,1.1009999513626099,1.0822323560714722
Si_46-2610,1.2137999534606934,1.211374044418335
Si_46-3751,1.1776000261306763,1.1884108781814575
Si_46-3122,1.2644000053405762,1.2797050476074219
Si_46-1164,1.1572999954223633,1.1398963928222656
Si_46-2233,1.229200005531311,1.2237390279769897
Si_46-1413,1.1835999488830566,1.1838629245758057
Si_46-1625,1.1033999919891357,1.1170908212661743
Si_46-3813,1.25409996509552,1.2694144248962402
Si_46-57,1.0500999689102173,1.050792932510376
Si_46-732,1.0958000421524048,1.1065311431884766
Si_46-3147,1.268399953842163,1.3133901357650757
Si_46-3043,1.177299976348877,1.153230905532837
Si_34-686,1.2639000415802002,1.240814447402954
Si_46-32,1.0183000564575195,1.022192358970642
Si_34-783,1.2458000183105469,1.239068627357483
Si_46-3105,1.2496000528335571,1.2606779336929321
Si_46-3674,1.1561000347137451,1.164444088935852
Si_46-484,1.110700011253357,1.1156578063964844
Si_46-334,1.0551999807357788,1.0629289150238037
Si_34-477,1.2299000024795532,1.2306773662567139
Si_46-3192,1.139799952507019,1.142472743988037
Si_46-2991,1.2596999406814575,1.266019344329834
Si_46-3360,1.1822999715805054,1.2178986072540283
Si_46-2814,1.2200000286102295,1.2547640800476074
Si_46-2430,1.2656999826431274,1.2743595838546753
Si_46-818,1.0625,1.0681639909744263
Si_46-2870,1.1562999486923218,1.165197491645813
Si_46-470,1.0814000368118286,1.070190668106079
Si_46-2646,1.1904000043869019,1.1525708436965942
Si_46-1246,1.1785000562667847,1.1533117294311523
Si_46-2530,1.2056000232696533,1.2073134183883667
Si_34-284,1.1675000190734863,1.1819051504135132
Si_34-22,1.2553000450134277,1.2582333087921143
Si_46-1304,1.1044000387191772,1.1122628450393677
Si_46-2856,1.2711000442504883,1.2758538722991943
Si_46-2778,1.281599998474121,1.2658545970916748
Si_46-1280,1.1366000175476074,1.1473593711853027
Si_46-3675,1.1282999515533447,1.1472113132476807
Si_46-401,1.0812000036239624,1.0807571411132812
Si_34-276,1.2532000541687012,1.2115336656570435
Si_46-3646,1.3312000036239624,1.2871978282928467
Si_46-702,1.0880000591278076,1.0766375064849854
Si_34-69,1.3530999422073364,1.3204069137573242
Si_46-3865,1.3423000574111938,1.3238354921340942
Si_46-1131,1.1589000225067139,1.142879605293274
Si_46-1964,1.1057000160217285,1.0859174728393555
Si_46-527,1.0884000062942505,1.0912437438964844
Si_46-1648,1.1197999715805054,1.1340171098709106
Si_46-3479,1.329200029373169,1.2919676303863525
Si_46-721,1.1134999990463257,1.1020193099975586
Si_46-1489,1.1505999565124512,1.1467490196228027
Si_46-3940,1.1917999982833862,1.202947974205017
Si_46-2392,1.1536999940872192,1.1323047876358032
Si_46-2440,1.1240999698638916,1.1373049020767212
Si_46-214,1.0363999605178833,1.0412406921386719
Si_46-3850,1.3276000022888184,1.3379584550857544
Si_46-849,1.089900016784668,1.1037005186080933
Si_46-70,1.0511000156402588,1.0475963354110718
Si_34-141,1.3183000087738037,1.3093173503875732
Si_46-2830,1.169700026512146,1.170042634010315
Si_46-3453,1.2537000179290771,1.2269731760025024
Si_46-104,1.0174000263214111,1.0122562646865845
Si_46-3167,1.2314000129699707,1.2219904661178589
Si_46-2199,1.107200026512146,1.123515009880066
Si_46-983,1.1620999574661255,1.1546474695205688
Si_46-3278,1.3269000053405762,1.3150227069854736
Si_34-378,1.0736000537872314,1.0821971893310547
Si_46-570,1.031499981880188,1.050570011138916
Si_46-542,1.0605000257492065,1.0753291845321655
Si_46-3705,1.1952999830245972,1.2628411054611206
Si_46-2073,1.0374000072479248,1.097616195678711
Si_46-514,1.063599944114685,1.0554161071777344
Si_46-2067,1.2538000345230103,1.2070608139038086
Si_46-436,1.054900050163269,1.0556480884552002
Si_46-3561,1.219599962234497,1.1875325441360474
Si_46-2959,1.3112000226974487,1.278357744216919
Si_46-1583,1.138700008392334,1.1326251029968262
Si_46-66,1.0372999906539917,1.0449764728546143
Si_46-462,1.0936000347137451,1.0963358879089355
Si_34-717,1.2066999673843384,1.1903825998306274
Si_46-1860,1.1571999788284302,1.1481125354766846
Si_34-250,1.2202999591827393,1.201332688331604
Si_46-1178,1.080399990081787,1.0820741653442383
Si_46-3699,1.2841999530792236,1.2670321464538574
Si_34-798,1.160599946975708,1.173174500465393
Si_34-20,1.343999981880188,1.3301775455474854
Si_34-197,1.1883000135421753,1.212470293045044
Si_34-170,1.1294000148773193,1.1610406637191772
Si_34-761,1.198699951171875,1.1835150718688965
Si_46-1588,1.1253999471664429,1.1270250082015991
Si_46-96,1.070099949836731,1.0605024099349976
Si_46-1557,1.1117000579833984,1.1186749935150146
Si_46-3728,1.3490999937057495,1.3086528778076172
Si_46-3815,1.1929999589920044,1.1821731328964233
Si_34-574,1.1921000480651855,1.2078930139541626
Si_34-914,1.1123000383377075,1.144180417060852
Si_46-2277,1.170799970626831,1.1533417701721191
Si_46-3921,1.2348999977111816,1.2445181608200073
Si_46-2225,1.2129000425338745,1.2268133163452148
Si_34-588,1.1603000164031982,1.175300121307373
Si_46-3873,1.3331999778747559,1.3142999410629272
Si_46-2649,1.211300015449524,1.2276126146316528
Si_46-3869,1.3279999494552612,1.3018766641616821
Si_34-199,1.1966999769210815,1.1977640390396118
Si_46-1953,1.1618000268936157,1.1807584762573242
Si_46-3220,1.2217999696731567,1.2611088752746582
Si_46-2025,1.095900058746338,1.1269972324371338
Si_46-2218,1.1821999549865723,1.1785757541656494
Si_46-2981,1.2175999879837036,1.2000384330749512
Si_46-2998,1.2821999788284302,1.2872228622436523
Si_46-3107,1.3193999528884888,1.2953110933303833
Si_46-979,1.164199948310852,1.178572416305542
Si_46-3353,1.2755999565124512,1.2669137716293335
Si_46-1522,1.0841000080108643,1.1172428131103516
Si_46-3110,1.1699999570846558,1.1664156913757324
Si_46-2064,1.2360999584197998,1.1955773830413818
Si_34-810,1.2699999809265137,1.279539942741394
Si_46-404,1.0779000520706177,1.083800196647644
Si_46-2151,1.2141000032424927,1.210055947303772
Si_34-553,1.1588000059127808,1.1476659774780273
Si_46-1728,1.1678999662399292,1.149681568145752
Si_46-80,1.0262999534606934,1.0320281982421875
Si_46-2208,1.2545000314712524,1.2321839332580566
Si_46-2422,1.1346999406814575,1.1327924728393555
Si_46-1223,1.2276999950408936,1.218536138534546
Si_46-3498,1.2045999765396118,1.2012362480163574
Si_46-921,1.0901999473571777,1.083032488822937
Si_46-3363,1.2964999675750732,1.270033359527588
Si_46-2915,1.2199000120162964,1.2194836139678955
Si_46-1742,1.1979000568389893,1.1950875520706177
Si_34-259,1.1806000471115112,1.202519178390503
Si_34-151,1.2014000415802002,1.2076971530914307
Si_46-874,1.1088999509811401,1.0800138711929321
Si_46-559,1.0509999990463257,1.0337164402008057
Si_34-921,1.1620999574661255,1.1460387706756592
Si_46-2587,1.1627999544143677,1.1733263731002808
Si_46-2765,1.212399959564209,1.2218824625015259
Si_46-739,1.091599941253662,1.098935604095459
Si_34-570,1.2343000173568726,1.1890037059783936
Si_34-244,1.1996999979019165,1.2187484502792358
Si_46-919,1.0650999546051025,1.0703822374343872
Si_46-2568,1.2312999963760376,1.2271101474761963
Si_46-235,1.0477999448776245,1.0513399839401245
Si_34-146,1.2364000082015991,1.2372936010360718
Si_46-1689,1.108199954032898,1.1343406438827515
Si_46-2603,1.1793999671936035,1.1810191869735718
Si_46-479,1.0513999462127686,1.059390902519226
Si_34-907,1.194200038909912,1.2034192085266113
Si_46-2209,1.1891000270843506,1.154491901397705
Si_46-1081,1.0465999841690063,1.0652185678482056
Si_46-1071,1.0547000169754028,1.0977553129196167
Si_46-1416,1.1390999555587769,1.1364078521728516
Si_46-3249,1.3066999912261963,1.2998205423355103
Si_46-2004,1.2137000560760498,1.224287986755371
Si_46-2461,1.2175999879837036,1.1926534175872803
Si_46-2805,1.1887999773025513,1.193052887916565
Si_46-2526,1.1780999898910522,1.1638950109481812
Si_34-234,1.1926000118255615,1.2035114765167236
Si_46-44,1.042799949645996,1.0391849279403687
Si_46-1895,1.1779999732971191,1.1595475673675537
Si_46-3814,1.3901000022888184,1.3583019971847534
Si_46-562,1.0853999853134155,1.0641465187072754
Si_46-770,1.1059999465942383,1.1129984855651855
Si_34-726,1.2269999980926514,1.2211698293685913
Si_34-728,1.1618000268936157,1.1309916973114014
Si_46-340,1.0484000444412231,1.0433502197265625
Si_46-1455,1.1648000478744507,1.136412501335144
Si_46-204,1.0303000211715698,1.0382459163665771
Si_46-1046,1.059499979019165,1.0682395696640015
Si_34-302,1.2899999618530273,1.2656824588775635
Si_34-539,1.1433000564575195,1.133881688117981
Si_46-3401,1.2634999752044678,1.2402325868606567
Si_34-772,1.2074999809265137,1.1808497905731201
Si_46-2946,1.1912000179290771,1.199923038482666
Si_34-751,1.1740000247955322,1.1442341804504395
Si_34-931,1.1100000143051147,1.1212676763534546
Si_46-209,1.034999966621399,1.036629557609558
Si_46-741,1.11489999294281,1.1012394428253174
Si_46-3543,1.2964999675750732,1.2641630172729492
Si_46-1977,1.1115000247955322,1.1385704278945923
Si_46-3337,1.1717000007629395,1.1709083318710327
Si_46-3222,1.1044000387191772,1.127811074256897
Si_46-158,1.0810999870300293,1.0784379243850708
Si_46-1149,1.1233999729156494,1.1228737831115723
Si_46-2449,1.226699948310852,1.2331790924072266
Si_46-957,1.0751999616622925,1.0746331214904785
Si_46-1884,1.1899000406265259,1.1904329061508179
Si_46-2964,1.2242000102996826,1.2365604639053345
Si_46-472,1.0951000452041626,1.0965064764022827
Si_46-1893,1.1452000141143799,1.1364020109176636
Si_46-3652,1.2726000547409058,1.2425401210784912
Si_46-2903,1.2785999774932861,1.259820818901062
Si_46-1361,1.0770000219345093,1.079676628112793
Si_34-525,1.202299952507019,1.1728870868682861
Si_34-391,1.1924999952316284,1.1948611736297607
Si_34-414,1.1970000267028809,1.183895230293274
Si_34-313,1.2157000303268433,1.2410517930984497
Si_46-1397,1.1390000581741333,1.1307092905044556
Si_46-2394,1.1862000226974487,1.1710060834884644
Si_46-127,1.0592999458312988,1.0617520809173584
Si_46-1830,1.1937999725341797,1.1862683296203613
Si_34-763,1.1253000497817993,1.0889345407485962
Si_46-3923,1.3348000049591064,1.3286900520324707
Si_46-2047,1.204300045967102,1.1994649171829224
Si_46-1204,1.1216000318527222,1.1204113960266113
Si_46-2920,1.2802000045776367,1.2702354192733765
Si_34-455,1.0634000301361084,1.056203007698059
Si_46-1077,1.1204999685287476,1.092819333076477
Si_46-641,1.0714999437332153,1.0695197582244873
Si_46-69,1.0813000202178955,1.073616623878479
Si_34-134,1.3782999515533447,1.3721622228622437
Si_46-1161,1.1548999547958374,1.1469308137893677
Si_46-898,1.085800051689148,1.0960766077041626
Si_34-643,1.1713000535964966,1.1548395156860352
Si_34-597,1.1318999528884888,1.0640583038330078
Si_46-645,1.1032999753952026,1.0934933423995972
Si_46-378,1.1090999841690063,1.105784296989441
Si_46-1935,1.1761000156402588,1.18258798122406
Si_46-3720,1.2648999691009521,1.2525644302368164
Si_46-1354,1.1548999547958374,1.1375000476837158
Si_46-602,1.0748000144958496,1.0614725351333618
Si_46-2589,1.216599941253662,1.191133975982666
