Si_34-175,1.1872
Si_34-133,1.3359
Si_34-769,1.1903
Si_34-407,1.1333
Si_34-168,1.2067
Si_34-341,1.2058
Si_34-581,1.0791
Si_34-371,1.1255
Si_34-177,1.2628
Si_34-454,1.3301
Si_34-383,1.1723
Si_34-671,1.0858
Si_34-880,1.1725
Si_34-730,1.2512
Si_34-186,1.2094
Si_34-234,1.1926
Si_34-931,1.1100
Si_34-378,1.0736
Si_34-872,1.2324
Si_34-391,1.1925
Si_34-602,1.2208
Si_34-592,1.1579
Si_34-930,1.1755
Si_34-756,0.9928
Si_34-313,1.2157
Si_34-845,1.1961
Si_34-793,1.1497
Si_34-137,1.2170
Si_34-425,1.2025
Si_34-819,1.1759
Si_34-449,1.1844
Si_34-471,1.2362
Si_34-40,1.2799
Si_34-22,1.2553
Si_34-423,1.2040
Si_34-150,1.2011
Si_34-138,1.2558
Si_34-194,1.2643
Si_34-456,1.1695
Si_34-615,1.2664
Si_34-196,1.1364
Si_34-717,1.2067
Si_34-809,1.2232
Si_34-797,1.1445
Si_34-890,1.2126
Si_34-346,1.2192
Si_34-688,1.0942
Si_34-203,1.2679
Si_34-225,1.2654
Si_34-919,1.1810
Si_34-64,1.2467
Si_34-649,1.1192
Si_34-458,1.1577
Si_34-104,1.2556
Si_34-422,1.1920
Si_34-686,1.2639
Si_34-863,1.1988
Si_34-910,1.2174
Si_34-723,1.2266
Si_34-520,1.1630
Si_34-503,1.2466
Si_34-876,1.1812
Si_34-31,1.2509
Si_34-279,1.2157
Si_34-881,1.1504
Si_34-526,1.1529
Si_34-607,1.0508
Si_34-91,1.2456
Si_34-729,1.1527
Si_34-75,1.2134
Si_34-197,1.1883
Si_34-632,1.2313
Si_34-306,1.2930
Si_34-790,1.1522
Si_34-636,1.1519
Si_34-27,1.3452
Si_34-473,1.1861
Si_34-78,1.2548
Si_34-624,1.2267
Si_34-611,1.0874
Si_34-74,1.2553
Si_34-437,1.2760
Si_34-754,1.2459
Si_34-20,1.3440
Si_34-521,1.2228
Si_34-693,1.1602
Si_34-162,1.2659
Si_34-316,1.2519
Si_34-84,1.2264
Si_34-56,1.2610
Si_34-250,1.2203
Si_34-900,1.1613
Si_34-757,1.0964
Si_34-539,1.1433
Si_34-119,1.3001
Si_34-69,1.3531
Si_34-258,1.1837
Si_34-377,1.2117
Si_34-569,1.2794
Si_34-605,1.1682
Si_34-373,1.2306
Si_34-534,1.1351
Si_34-848,1.0034
Si_34-246,1.2480
Si_34-101,1.1922
Si_34-180,1.2690
Si_34-501,1.1716
Si_34-564,1.2103
Si_34-125,1.1545
Si_34-259,1.1806
Si_34-220,1.1905
Si_34-814,1.2299
Si_34-892,1.0839
Si_34-894,1.2400
Si_34-507,1.2303
Si_34-868,1.1899
Si_34-365,1.0751
Si_34-928,1.0946
Si_34-239,1.2060
Si_34-536,1.0976
Si_34-374,1.1726
Si_34-798,1.1606
Si_34-61,1.2565
Si_34-392,1.1347
Si_34-208,1.2729
Si_34-554,1.0901
Si_34-810,1.2700
Si_34-776,1.2764
Si_34-165,1.2866
Si_34-50,1.2508
Si_34-126,1.2424
Si_34-350,1.1952
Si_34-660,1.1495
Si_34-296,1.2202
Si_34-637,1.2802
Si_34-525,1.2023
Si_34-563,1.0483
Si_34-514,1.1806
Si_34-140,1.2397
Si_34-811,0.9717
Si_34-668,1.1747
Si_34-364,1.1849
Si_34-557,1.1822
Si_34-857,1.1418
Si_34-148,1.2300
Si_34-720,1.1456
Si_34-823,1.1931
Si_34-271,1.1800
Si_34-289,1.2086
Si_34-718,1.3323
Si_34-430,1.2016
Si_34-359,1.1691
Si_34-854,1.2073
Si_34-312,1.1749
Si_34-778,1.0851
Si_34-904,1.3099
Si_34-166,1.2534
Si_34-929,1.1351
Si_34-436,1.1543
Si_34-748,1.1070
Si_34-124,1.2698
Si_34-452,1.1427
Si_34-356,1.2010
Si_34-195,1.2416
Si_34-352,1.2583
Si_34-86,1.2966
Si_34-209,1.2915
Si_34-603,1.0949
Si_34-643,1.1713
Si_34-107,1.2739
Si_34-573,1.1506
Si_34-565,1.1836
Si_34-657,1.1467
Si_34-167,1.1626
Si_34-451,1.0677
Si_34-236,1.2132
Si_34-363,1.1477
Si_34-774,1.1178
Si_34-270,1.1827
Si_34-763,1.1253
Si_34-319,1.2664
Si_34-152,1.2381
Si_34-512,1.2050
Si_34-304,1.2627
Si_34-852,1.0847
Si_34-281,1.2302
Si_34-153,1.2524
Si_34-856,1.1376
Si_34-121,1.2831
Si_34-711,1.2367
Si_34-35,1.3307
Si_34-480,1.1589
Si_34-396,1.1918
Si_34-32,1.2689
Si_34-570,1.2343
Si_34-595,1.1556
Si_34-190,1.2058
Si_34-597,1.1319
Si_34-761,1.1987
Si_34-333,1.2854
Si_34-906,1.3114
Si_34-448,1.2321
Si_34-469,1.1273
Si_34-302,1.2900
Si_34-585,1.0608
Si_34-339,1.3290
Si_34-465,1.2009
Si_34-205,1.2148
Si_34-1,1.3108
Si_34-134,1.3783
Si_34-146,1.2364
Si_34-885,1.1826
Si_34-310,1.1935
Si_34-105,1.2283
Si_34-800,1.1200
Si_34-309,1.1927
Si_34-535,1.2817
Si_34-54,1.3326
Si_34-200,1.1709
Si_34-260,1.2008
Si_34-772,1.2075
Si_34-421,1.2281
Si_34-106,1.2737
Si_34-432,1.2004
Si_34-459,1.1675
Si_34-747,1.1996
Si_34-63,1.2516
Si_34-829,1.0094
Si_34-666,1.2211
Si_34-401,1.1432
Si_34-263,1.1547
Si_34-303,1.1964
Si_34-57,1.2504
Si_34-199,1.1967
Si_34-103,1.2607
Si_34-540,1.2677
Si_34-44,1.1986
Si_34-379,1.2848
Si_34-90,1.2664
Si_34-515,1.1534
Si_34-674,1.2331
Si_34-853,1.1070
Si_34-864,1.1667
Si_34-911,1.2655
Si_34-322,1.2110
Si_34-386,1.3250
Si_34-444,1.1530
Si_34-687,1.0865
Si_34-337,1.2442
Si_34-332,1.2070
Si_34-758,1.1030
Si_34-760,1.0639
Si_34-294,1.2604
Si_34-553,1.1588
Si_34-455,1.0634
Si_34-921,1.1621
Si_34-288,1.2609
Si_34-464,1.2385
Si_34-901,1.2582
Si_34-855,1.1644
Si_34-41,1.2840
Si_34-245,1.2163
Si_34-731,1.1255
Si_34-238,1.2432
Si_34-850,1.0925
Si_34-266,1.1865
Si_34-324,1.2112
Si_34-783,1.2458
Si_34-710,1.1657
Si_34-804,1.1923
Si_34-159,1.2112
Si_34-97,1.2614
Si_34-39,1.2636
Si_34-567,1.1187
Si_34-185,1.2086
Si_34-764,1.1849
Si_34-738,1.1132
Si_34-233,1.2439
Si_34-368,1.1629
Si_34-216,1.2361
Si_34-893,1.2361
Si_34-871,1.1227
Si_34-532,1.1382
Si_34-272,1.1900
Si_34-149,1.1677
Si_34-833,1.1740
Si_34-399,1.2056
Si_34-273,1.2868
Si_34-408,1.1604
Si_34-543,1.1521
Si_34-905,1.0760
Si_34-635,1.2125
Si_34-171,1.1986
Si_34-474,1.2447
Si_34-219,1.2739
Si_34-744,1.1514
Si_34-217,1.3149
Si_34-12,1.3055
Si_34-193,1.2756
Si_34-695,1.1741
Si_34-318,1.2733
Si_34-136,1.2451
Si_34-52,1.2012
Si_34-181,1.2783
Si_34-435,1.2234
Si_34-65,1.1858
Si_34-630,1.0903
Si_34-307,1.1970
Si_34-579,1.2331
Si_34-445,1.2286
Si_34-48,1.2047
Si_34-825,1.0893
Si_34-351,1.1636
Si_34-692,1.1475
Si_34-786,1.1492
Si_34-608,1.1452
Si_34-141,1.3183
Si_34-538,1.1830
Si_34-291,1.2155
Si_34-828,1.2756
Si_34-485,1.2151
Si_34-284,1.1675
Si_34-794,1.0733
Si_34-923,1.1297
Si_34-735,1.1744
Si_34-85,1.2625
Si_34-768,1.1575
Si_34-751,1.1740
Si_34-293,1.2734
Si_34-728,1.1618
Si_34-665,1.1317
Si_34-151,1.2014
Si_34-155,1.1999
Si_34-682,1.0839
Si_34-308,1.2812
Si_34-606,1.0984
Si_34-295,1.2145
Si_34-252,1.1701
Si_34-645,1.0884
Si_34-897,1.1766
Si_34-589,1.2229
Si_34-462,1.2019
Si_34-482,1.1717
Si_34-229,1.1396
Si_34-328,1.1999
Si_34-582,1.2427
Si_34-376,1.1980
Si_34-241,1.1419
Si_34-617,1.2166
Si_34-716,1.2103
Si_34-164,1.1915
Si_34-583,1.2400
Si_34-345,1.1282
Si_34-739,1.0918
Si_34-877,1.1342
Si_34-613,1.1391
Si_34-223,1.2951
Si_34-588,1.1603
Si_34-922,1.1926
Si_34-619,1.2402
Si_34-172,1.1339
Si_34-681,1.2317
Si_34-490,1.0971
Si_34-254,1.2602
Si_34-338,1.2044
Si_34-622,1.1759
Si_34-861,1.0732
Si_34-83,1.1975
Si_34-851,1.2514
Si_34-354,1.1845
Si_34-66,1.3045
Si_34-870,1.1970
Si_34-634,1.2432
Si_34-907,1.1942
Si_34-244,1.1997
Si_34-547,1.1224
Si_34-115,1.2467
Si_34-102,1.2605
Si_34-92,1.2626
Si_34-909,1.1851
Si_34-552,1.0756
Si_34-580,1.1972
Si_34-169,1.1673
Si_34-663,1.2324
Si_34-336,1.1826
Si_34-178,1.2769
Si_34-920,1.1126
Si_34-264,1.2553
Si_34-934,0.9567
Si_34-188,1.1905
Si_34-67,1.2449
Si_34-678,1.1727
Si_34-765,1.0783
Si_34-218,1.1803
Si_34-712,1.1471
Si_34-268,1.2014
Si_34-292,1.2866
Si_34-387,1.1467
Si_34-96,1.2367
Si_34-908,1.1846
Si_34-276,1.2532
Si_34-388,1.1872
Si_34-703,1.2227
Si_34-360,1.2037
Si_34-926,1.0423
Si_34-787,1.1260
Si_34-285,1.2025
Si_34-98,1.2015
Si_34-389,1.2390
Si_34-38,1.2537
Si_34-621,1.2194
Si_34-157,1.1887
Si_34-697,1.2294
Si_34-587,1.1401
Si_34-380,1.1528
Si_34-447,1.1845
Si_34-33,1.2931
Si_34-228,1.1970
Si_34-286,1.1423
Si_34-650,1.1927
Si_34-110,1.2049
Si_34-439,1.1749
Si_34-120,1.2666
Si_34-466,1.2937
Si_34-361,1.1970
Si_34-227,1.1988
Si_34-726,1.2270
Si_34-414,1.1970
Si_34-883,1.0557
Si_34-298,1.2426
Si_34-902,1.1712
Si_34-842,1.1777
Si_34-927,1.0880
Si_34-477,1.2299
Si_34-453,1.2052
Si_34-545,1.1896
Si_34-684,1.2442
Si_34-95,1.1898
Si_34-487,1.1956
Si_34-715,1.0723
Si_34-555,1.0959
Si_34-594,1.1875
Si_34-673,1.2308
Si_34-574,1.1921
Si_34-785,1.1703
Si_34-170,1.1294
Si_34-837,1.0757
Si_34-132,1.2452
Si_34-232,1.2016
Si_34-58,1.2839
Si_34-843,1.2425
Si_34-290,1.2498
Si_34-846,1.1488
Si_34-122,1.1791
Si_34-429,1.2850
Si_34-230,1.2886
Si_34-403,1.1910
Si_34-524,1.2178
Si_34-647,1.0989
Si_34-42,1.1737
Si_34-676,1.0921
Si_34-70,1.2753
Si_34-725,1.2235
Si_34-446,1.1380
Si_34-331,1.2926
Si_34-914,1.1123
Si_34-334,1.2785
Si_46-378,1.1091
Si_46-585,1.0986
Si_46-3473,1.3379
Si_46-3928,1.3170
Si_46-2023,1.1675
Si_46-878,1.1460
Si_46-1888,1.2308
Si_46-2914,1.1530
Si_46-540,1.0602
Si_46-2745,1.1524
Si_46-1809,1.1138
Si_46-2889,1.2916
Si_46-1198,1.1643
Si_46-840,1.0999
Si_46-968,1.0959
Si_46-2751,1.2273
Si_46-278,1.0330
Si_46-2327,1.1875
Si_46-2205,1.1626
Si_46-3401,1.2635
Si_46-2006,1.1569
Si_46-3521,1.2961
Si_46-2193,1.2511
Si_46-284,1.0179
Si_46-2504,1.2394
Si_46-2386,1.2127
Si_46-3693,1.2743
Si_46-3645,1.2483
Si_46-1163,1.1278
Si_46-3611,1.2378
Si_46-2180,1.1973
Si_46-2521,1.2589
Si_46-3862,1.2668
Si_46-2219,1.1229
Si_46-3584,1.2099
Si_46-2188,1.1699
Si_46-3479,1.3292
Si_46-2092,1.1502
Si_46-1825,1.2223
Si_46-900,1.0970
Si_46-3919,1.3098
Si_46-3589,1.2807
Si_46-939,1.0695
Si_46-2941,1.1377
Si_46-3639,1.1796
Si_46-1433,1.1854
Si_46-2449,1.2267
Si_46-491,1.0559
Si_46-1949,1.1701
Si_46-3420,1.2671
Si_46-3806,1.2078
Si_46-2282,1.2148
Si_46-2057,1.1640
Si_46-1920,1.0589
Si_46-3418,1.2186
Si_46-2627,1.2286
Si_46-2687,1.3346
Si_46-2257,1.1744
Si_46-3358,1.2815
Si_46-3016,1.2154
Si_46-3049,1.2565
Si_46-3272,1.3409
Si_46-2430,1.2657
Si_46-33,1.0287
Si_46-1605,1.1637
Si_46-1379,1.1341
Si_46-3875,1.2470
Si_46-3509,1.2993
Si_46-2992,1.1316
Si_46-821,1.1148
Si_46-1375,1.1670
Si_46-518,1.0923
Si_46-2123,1.1707
Si_46-3471,1.3449
Si_46-1534,1.1307
Si_46-2834,1.2464
Si_46-1022,1.0217
Si_46-3228,1.2741
Si_46-817,1.1252
Si_46-374,1.0914
Si_46-2639,1.2848
Si_46-3559,1.3004
Si_46-392,1.0458
Si_46-26,1.0371
Si_46-482,1.1521
Si_46-2476,1.2032
Si_46-3291,1.2788
Si_46-3280,1.1983
Si_46-2762,1.1241
Si_46-2987,1.2455
Si_46-2891,1.1518
Si_46-1870,1.0846
Si_46-403,1.0601
Si_46-3654,1.3037
Si_46-1429,1.1481
Si_46-3217,1.2118
Si_46-216,1.0510
Si_46-753,1.1320
Si_46-3813,1.2541
Si_46-2020,1.2126
Si_46-246,1.0210
Si_46-1238,1.1327
Si_46-1080,1.0672
Si_46-1711,1.1340
Si_46-2956,1.2521
Si_46-3753,1.2235
Si_46-959,1.1342
Si_46-1876,1.2272
Si_46-2461,1.2176
Si_46-641,1.0715
Si_46-2468,1.1633
Si_46-3043,1.1773
Si_46-217,1.0773
Si_46-2002,1.1442
Si_46-3279,1.1749
Si_46-808,1.0419
Si_46-717,1.0826
Si_46-2353,1.1253
Si_46-185,1.0380
Si_46-1480,1.0546
Si_46-3227,1.3513
Si_46-3567,1.2381
Si_46-2876,1.1236
Si_46-54,1.0577
Si_46-1188,1.0749
Si_46-1503,1.1689
Si_46-2778,1.2816
Si_46-104,1.0174
Si_46-2964,1.2242
Si_46-3357,1.1691
Si_46-2965,1.2405
Si_46-1452,1.1454
Si_46-2163,1.1046
Si_46-274,1.0404
Si_46-2058,1.1586
Si_46-2681,1.2781
Si_46-609,1.1133
Si_46-1975,1.1442
Si_46-2596,1.2763
Si_46-1269,1.1754
Si_46-1404,1.0924
Si_46-652,1.1154
Si_46-2984,1.1236
Si_46-1570,1.0580
Si_46-2558,1.1313
Si_46-343,1.0776
Si_46-1966,1.1901
Si_46-766,1.0259
Si_46-1512,1.1769
Si_46-3430,1.2083
Si_46-1706,1.1582
Si_46-1548,1.1680
Si_46-1120,1.0590
Si_46-2871,1.1928
Si_46-612,1.1054
Si_46-886,1.0188
Si_46-3711,1.3064
Si_46-1189,1.1746
Si_46-3353,1.2756
Si_46-1447,1.1273
Si_46-661,1.1243
Si_46-1884,1.1899
Si_46-1145,1.1161
Si_46-194,1.0586
Si_46-2334,1.2471
Si_46-1175,1.0844
Si_46-3771,1.2277
Si_46-2989,1.2786
Si_46-1037,1.1715
Si_46-474,1.0849
Si_46-605,1.0744
Si_46-1822,1.1153
Si_46-2147,1.1539
Si_46-2348,1.1416
Si_46-1963,1.0938
Si_46-556,1.0800
Si_46-3406,1.2570
Si_46-330,1.0999
Si_46-3680,1.3475
Si_46-3239,1.2362
Si_46-3077,1.2361
Si_46-2055,1.1673
Si_46-102,1.0351
Si_46-691,1.0891
Si_46-1285,1.0923
Si_46-1505,1.1471
Si_46-36,1.0577
Si_46-2048,1.1540
Si_46-1234,1.1733
Si_46-3777,1.2766
Si_46-238,1.0761
Si_46-1258,1.1033
Si_46-1186,1.2097
Si_46-3456,1.2228
Si_46-1227,1.1301
Si_46-714,1.1199
Si_46-1267,1.1835
Si_46-2858,1.1830
Si_46-3555,1.3492
Si_46-1289,1.1044
Si_46-3666,1.3048
Si_46-2450,1.1072
Si_46-2651,1.1634
Si_46-3888,1.2823
Si_46-1728,1.1679
Si_46-1229,1.1303
Si_46-3675,1.1283
Si_46-3372,1.2858
Si_46-679,1.1080
Si_46-2260,1.2297
Si_46-2118,1.2094
Si_46-3155,1.2683
Si_46-3866,1.2985
Si_46-3660,1.3055
Si_46-500,1.0858
Si_46-1892,1.1442
Si_46-387,1.0658
Si_46-3385,1.2998
Si_46-885,1.0665
Si_46-915,1.0955
Si_46-441,1.0950
Si_46-710,1.1050
Si_46-84,1.0565
Si_46-3830,1.2094
Si_46-896,1.0821
Si_46-68,1.0554
Si_46-2186,1.1567
Si_46-1084,1.0840
Si_46-640,1.1068
Si_46-525,1.0966
Si_46-1416,1.1391
Si_46-2357,1.1297
Si_46-3995,1.2927
Si_46-3011,1.2223
Si_46-3728,1.3491
Si_46-3621,1.2721
Si_46-1663,1.1988
Si_46-3414,1.1904
Si_46-1690,1.2292
Si_46-2209,1.1891
Si_46-3538,1.2120
Si_46-2503,1.1777
Si_46-1194,1.0990
Si_46-1970,1.1691
Si_46-1283,1.1435
Si_46-889,1.0905
Si_46-3606,1.2359
Si_46-2097,1.1563
Si_46-2543,1.3053
Si_46-382,1.1106
Si_46-3971,1.3058
Si_46-3405,1.2545
Si_46-2772,1.1666
Si_46-3491,1.1979
Si_46-225,1.0772
Si_46-2249,1.2275
Si_46-1519,1.1759
Si_46-1010,1.0988
Si_46-2785,1.2938
Si_46-3041,1.1894
Si_46-1527,1.1098
Si_46-921,1.0902
Si_46-3137,1.2174
Si_46-2951,1.1447
Si_46-1436,1.1393
Si_46-1161,1.1549
Si_46-1805,1.1800
Si_46-937,1.0695
Si_46-2768,1.1124
Si_46-204,1.0303
Si_46-1798,1.1392
Si_46-3002,1.1319
Si_46-2761,1.1762
Si_46-957,1.0752
Si_46-3482,1.2151
Si_46-3694,1.2903
Si_46-1425,1.1706
Si_46-1688,1.0701
Si_46-3169,1.1790
Si_46-2110,1.1657
Si_46-798,1.1184
Si_46-3905,1.3290
Si_46-126,1.0827
Si_46-2227,1.1836
Si_46-3426,1.2512
Si_46-3148,1.1915
Si_46-3046,1.2980
Si_46-3387,1.2787
Si_46-1914,1.1981
Si_46-312,1.0694
Si_46-1102,1.1873
Si_46-3203,1.2014
Si_46-951,1.1045
Si_46-3099,1.2608
Si_46-2851,1.1313
Si_46-1223,1.2277
Si_46-3452,1.2865
Si_46-406,1.0523
Si_46-2347,1.1920
Si_46-925,1.0675
Si_46-2903,1.2786
Si_46-3739,1.3294
Si_46-3458,1.2210
Si_46-3202,1.3116
Si_46-484,1.1107
Si_46-1371,1.1498
Si_46-1127,1.1239
Si_46-1598,1.0518
Si_46-519,1.0648
Si_46-2500,1.1758
Si_46-481,1.0757
Si_46-2052,1.1481
Si_46-1061,1.1578
Si_46-2564,1.1391
Si_46-1081,1.0466
Si_46-1712,1.2297
Si_46-3400,1.2385
Si_46-2040,1.2051
Si_46-3827,1.2611
Si_46-3064,1.1837
Si_46-1286,1.1548
Si_46-1331,1.1148
Si_46-516,1.0614
Si_46-2994,1.2342
Si_46-3084,1.1996
Si_46-3286,1.1871
Si_46-610,1.0523
Si_46-1645,1.1372
Si_46-2861,1.1489
Si_46-247,1.1109
Si_46-1107,1.0985
Si_46-1564,1.2041
Si_46-1999,1.2486
Si_46-715,1.0908
Si_46-689,1.1028
Si_46-2400,1.2303
Si_46-1531,1.1339
Si_46-3388,1.2917
Si_46-2274,1.1620
Si_46-2617,1.2047
Si_46-1948,1.1997
Si_46-3492,1.2336
Si_46-2766,1.1966
Si_46-645,1.1033
Si_46-80,1.0263
Si_46-2105,1.1745
Si_46-3745,1.1687
Si_46-2043,1.2233
Si_46-235,1.0478
Si_46-336,1.0611
Si_46-2291,1.2196
Si_46-1691,1.0932
Si_46-3891,1.2534
Si_46-639,1.0166
Si_46-3149,1.3468
Si_46-2343,1.2156
Si_46-1295,1.0797
Si_46-1943,1.1672
Si_46-2661,1.1828
Si_46-3037,1.2301
Si_46-1280,1.1366
Si_46-2792,1.2687
Si_46-233,1.0945
Si_46-1489,1.1506
Si_46-211,1.0390
Si_46-2132,1.1486
Si_46-4013,1.2975
Si_46-1131,1.1589
Si_46-1828,1.1600
Si_46-231,1.0847
Si_46-2116,1.1165
Si_46-3627,1.3093
Si_46-1626,1.1642
Si_46-1500,1.0993
Si_46-3951,1.1799
Si_46-656,1.1324
Si_46-3391,1.2602
Si_46-3869,1.3280
Si_46-1580,1.1541
Si_46-1588,1.1254
Si_46-926,1.1393
Si_46-1179,1.1607
Si_46-3643,1.2269
Si_46-3004,1.2772
Si_46-1408,1.1927
Si_46-1191,1.1298
Si_46-413,1.0816
Si_46-904,1.1412
Si_46-85,1.0256
Si_46-2059,1.2419
Si_46-2354,1.2389
Si_46-1441,1.1903
Si_46-2151,1.2141
Si_46-1543,1.1625
Si_46-53,1.0428
Si_46-1318,1.1336
Si_46-3815,1.1930
Si_46-1338,1.1218
Si_46-3082,1.1758
Si_46-2920,1.2802
Si_46-27,1.0263
Si_46-3942,1.2720
Si_46-3885,1.2708
Si_46-1739,1.1672
Si_46-470,1.0814
Si_46-2019,1.1309
Si_46-108,1.0447
Si_46-2567,1.1418
Si_46-2860,1.2453
Si_46-2970,1.2051
Si_46-3316,1.1850
Si_46-1199,1.1159
Si_46-2857,1.1667
Si_46-1777,1.1056
Si_46-1842,1.1738
Si_46-57,1.0501
Si_46-3814,1.3901
Si_46-195,1.0701
Si_46-2079,1.2232
Si_46-3351,1.2536
Si_46-3964,1.2865
Si_46-751,1.1405
Si_46-3812,1.2426
Si_46-1827,1.1730
Si_46-1254,1.0863
Si_46-532,1.1440
Si_46-174,1.0734
Si_46-1648,1.1198
Si_46-1532,1.1544
Si_46-1051,1.1212
Si_46-2998,1.2822
Si_46-493,1.0564
Si_46-2582,1.1667
Si_46-2825,1.2458
Si_46-3221,1.2619
Si_46-3838,1.2378
Si_46-1035,1.2136
Si_46-2794,1.3175
Si_46-180,1.0281
Si_46-99,1.0373
Si_46-1830,1.1938
Si_46-3133,1.3175
Si_46-3478,1.2800
Si_46-2420,1.1085
Si_46-2406,1.1593
Si_46-3901,1.2840
Si_46-59,1.0490
Si_46-3537,1.3012
Si_46-2562,1.3057
Si_46-3378,1.2055
Si_46-2438,1.1502
Si_46-3635,1.3099
Si_46-2883,1.2008
Si_46-2790,1.2646
Si_46-2013,1.1200
Si_46-1420,1.0276
Si_46-1164,1.1573
Si_46-2755,1.2736
Si_46-2206,1.2320
Si_46-2954,1.2013
Si_46-3842,1.2694
Si_46-1640,1.1523
Si_46-3256,1.1857
Si_46-3450,1.2460
Si_46-2547,1.1473
Si_46-3119,1.2346
Si_46-1308,1.1250
Si_46-2363,1.1254
Si_46-3582,1.3333
Si_46-3304,1.3753
Si_46-565,1.0802
Si_46-780,1.0437
Si_46-1815,1.0489
Si_46-3292,1.2909
Si_46-791,1.0773
Si_46-3269,1.2538
Si_46-3520,1.2337
Si_46-3276,1.2945
Si_46-4005,1.3177
Si_46-998,1.1029
Si_46-3802,1.2265
Si_46-2641,1.2308
Si_46-1381,1.1580
Si_46-2758,1.1528
Si_46-793,1.0585
Si_46-3528,1.2318
Si_46-2708,1.2795
Si_46-505,1.0711
Si_46-1359,1.2187
Si_46-576,1.1019
Si_46-1333,1.0983
Si_46-1315,1.0571
Si_46-1340,1.1273
Si_46-3979,1.2453
Si_46-1249,1.1755
Si_46-3190,1.1853
Si_46-3821,1.3654
Si_46-536,1.0622
Si_46-3342,1.2510
Si_46-2266,1.2094
Si_46-647,1.0742
Si_46-3927,1.2830
Si_46-1341,1.1546
Si_46-3159,1.3064
Si_46-3563,1.2793
Si_46-3354,1.2810
Si_46-1852,1.1008
Si_46-4019,1.3249
Si_46-1977,1.1115
Si_46-690,1.1126
Si_46-3602,1.2511
Si_46-373,1.0781
Si_46-209,1.0350
Si_46-2525,1.2397
Si_46-4003,1.3063
Si_46-407,1.0551
Si_46-2904,1.1836
Si_46-296,1.0738
Si_46-2098,1.2199
Si_46-2931,1.1253
Si_46-2741,1.1594
Si_46-2208,1.2545
Si_46-2122,1.1866
Si_46-131,1.0548
Si_46-716,1.1098
Si_46-1725,1.1412
Si_46-868,1.1702
Si_46-562,1.0854
Si_46-1981,1.0898
Si_46-2811,1.2516
Si_46-1709,1.2039
Si_46-2218,1.1822
Si_46-2312,1.1201
Si_46-2767,1.1956
Si_46-3213,1.1921
Si_46-1256,1.1860
Si_46-1193,1.0991
Si_46-2064,1.2361
Si_46-1646,1.1471
Si_46-561,1.0467
Si_46-2175,1.1872
Si_46-3336,1.2053
Si_46-2501,1.2144
Si_46-1373,1.0960
Si_46-2563,1.1951
Si_46-706,1.0605
Si_46-2299,1.2247
Si_46-2538,1.2181
Si_46-369,1.0537
Si_46-761,1.0990
Si_46-2917,1.2574
Si_46-4016,1.3714
Si_46-966,1.0371
Si_46-2225,1.2129
Si_46-2612,1.1275
Si_46-1147,1.0511
Si_46-3947,1.3372
Si_46-3214,1.3071
Si_46-324,1.1092
Si_46-1346,1.1315
Si_46-1174,1.1471
Si_46-3362,1.2902
Si_46-1401,1.0943
Si_46-2667,1.1785
Si_46-2320,1.1110
Si_46-351,1.0883
Si_46-2293,1.1996
Si_46-2879,1.2070
Si_46-2533,1.1527
Si_46-3705,1.1953
Si_46-2573,1.2579
Si_46-1386,1.1617
Si_46-552,1.1014
Si_46-1750,1.0966
Si_46-503,1.0870
Si_46-2440,1.1241
Si_46-763,1.0759
Si_46-1405,1.0300
Si_46-3725,1.3739
Si_46-3540,1.3670
Si_46-358,1.1362
Si_46-1330,1.1509
Si_46-2304,1.1762
Si_46-1176,1.1650
Si_46-2128,1.2125
Si_46-3023,1.2295
Si_46-2719,1.2229
Si_46-3625,1.2798
Si_46-1995,1.1080
Si_46-479,1.0514
Si_46-1015,1.1474
Si_46-837,1.0904
Si_46-3746,1.2590
Si_46-411,1.0264
Si_46-3854,1.3672
Si_46-2506,1.1029
Si_46-3263,1.3091
Si_46-3498,1.2046
Si_46-634,1.0786
Si_46-3076,1.2545
Si_46-434,1.0706
Si_46-448,1.0633
Si_46-2177,1.1599
Si_46-3262,1.2648
Si_46-1620,1.2088
Si_46-3933,1.3116
Si_46-2328,1.1613
Si_46-3695,1.2012
Si_46-2586,1.1722
Si_46-806,1.1324
Si_46-477,1.0622
Si_46-744,1.0606
Si_46-2047,1.2043
Si_46-3873,1.3332
Si_46-3027,1.2717
Si_46-1729,1.1435
Si_46-2230,1.2128
Si_46-3488,1.2193
Si_46-1647,1.1922
Si_46-3968,1.3171
Si_46-385,1.0548
Si_46-871,1.0412
Si_46-3029,1.2227
Si_46-847,1.1549
Si_46-2026,1.2267
Si_46-3098,1.2123
Si_46-1795,1.1846
Si_46-1310,1.1635
Si_46-1554,1.1306
Si_46-1499,1.1230
Si_46-3330,1.2317
Si_46-3894,1.2810
Si_46-1973,1.1589
Si_46-874,1.1089
Si_46-3759,1.3392
Si_46-792,1.0729
Si_46-3825,1.2758
Si_46-2900,1.2208
Si_46-1004,1.0778
Si_46-3553,1.2780
Si_46-2908,1.1337
Si_46-487,1.0914
Si_46-277,1.0803
Si_46-3797,1.2457
Si_46-3384,1.2930
Si_46-529,1.0310
Si_46-2515,1.2270
Si_46-2911,1.2051
Si_46-2022,1.1951
Si_46-3513,1.2945
Si_46-3936,1.1328
Si_46-1445,1.0458
Si_46-1125,1.1095
Si_46-3111,1.1464
Si_46-2405,1.1464
Si_46-3946,1.2304
Si_46-1304,1.1044
Si_46-625,1.0753
Si_46-836,1.1177
Si_46-907,1.1057
Si_46-1021,1.0893
Si_46-2786,1.1818
Si_46-3801,1.2489
Si_46-321,1.0563
Si_46-3776,1.2246
Si_46-2233,1.2292
Si_46-3223,1.2678
Si_46-1353,1.1856
Si_46-3600,1.1354
Si_46-850,1.1393
Si_46-628,1.1025
Si_46-305,1.0693
Si_46-3760,1.1998
Si_46-2338,1.2445
Si_46-3993,1.2733
Si_46-1636,1.1478
Si_46-75,1.0580
Si_46-2884,1.2961
Si_46-795,1.1019
Si_46-739,1.0916
Si_46-2377,1.2618
Si_46-2411,1.1462
Si_46-3271,1.2606
Si_46-2241,1.1087
Si_46-2938,1.2870
Si_46-3240,1.3272
Si_46-1608,1.1413
Si_46-1306,1.1220
Si_46-3754,1.3218
Si_46-3774,1.2807
Si_46-2106,1.0698
Si_46-2746,1.2157
Si_46-1241,1.1071
Si_46-2372,1.1733
Si_46-812,1.0794
Si_46-2465,1.1885
Si_46-437,1.0544
Si_46-462,1.0936
Si_46-3664,1.3015
Si_46-858,1.1145
Si_46-3189,1.2259
Si_46-2255,1.2550
Si_46-3474,1.2495
Si_46-2114,1.2525
Si_46-3871,1.1611
Si_46-1508,1.0362
Si_46-3898,1.2276
Si_46-1908,1.2053
Si_46-3640,1.3343
Si_46-3792,1.2654
Si_46-970,1.1548
Si_46-668,1.1148
Si_46-2330,1.2486
Si_46-3477,1.2533
Si_46-3273,1.2358
Si_46-1365,1.1293
Si_46-1667,1.0825
Si_46-1334,1.1426
Si_46-3424,1.2105
Si_46-1287,1.1260
Si_46-1196,1.1153
Si_46-3502,1.1854
Si_46-1622,1.1288
Si_46-1686,1.1523
Si_46-2610,1.2138
Si_46-2868,1.2160
Si_46-3662,1.1446
Si_46-1969,1.1441
Si_46-326,1.0895
Si_46-1742,1.1979
Si_46-2368,1.1908
Si_46-1083,1.0778
Si_46-3017,1.2140
Si_46-2840,1.2336
Si_46-3472,1.3447
Si_46-488,1.0701
Si_46-2065,1.1835
Si_46-2362,1.1430
Si_46-44,1.0428
Si_46-2492,1.1438
Si_46-582,1.0740
Si_46-884,1.1614
Si_46-2933,1.2670
Si_46-2251,1.1765
Si_46-1390,1.1499
Si_46-2649,1.2113
Si_46-219,1.0721
Si_46-254,1.0662
Si_46-1929,1.1669
Si_46-574,1.0645
Si_46-2252,1.1883
Si_46-2210,1.0943
Si_46-1115,1.0960
Si_46-2263,1.1999
Si_46-1758,1.1665
Si_46-1128,1.0424
Si_46-2271,1.1386
Si_46-3780,1.3851
Si_46-151,1.0262
Si_46-2707,1.1634
Si_46-1994,1.1728
Si_46-3,1.0241
Si_46-386,1.0821
Si_46-2624,1.2390
Si_46-1664,1.1456
Si_46-3924,1.2071
Si_46-1203,1.1250
Si_46-2759,1.2308
Si_46-3007,1.1361
Si_46-243,1.0344
Si_46-3086,1.3291
Si_46-3915,1.2034
Si_46-3144,1.2631
Si_46-1778,1.1715
Si_46-3130,1.2094
Si_46-3097,1.2262
Si_46-3859,1.2386
Si_46-3543,1.2965
Si_46-2855,1.2010
Si_46-1202,1.1450
Si_46-3983,1.3044
Si_46-311,1.0503
Si_46-1089,1.0671
Si_46-2350,1.2051
Si_46-1927,1.1793
Si_46-1469,1.2261
Si_46-2311,1.2196
Si_46-1224,1.1465
Si_46-3386,1.2149
Si_46-570,1.0315
Si_46-2953,1.2513
Si_46-3583,1.2502
Si_46-2160,1.1772
Si_46-1184,1.0926
Si_46-3691,1.2722
Si_46-145,1.0453
Si_46-1104,1.0855
Si_46-1077,1.1205
Si_46-559,1.0510
Si_46-3717,1.2636
Si_46-1290,1.1162
Si_46-827,1.1052
Si_46-3333,1.2419
Si_46-2250,1.2642
Si_46-2948,1.2336
Si_46-2805,1.1888
Si_46-1417,1.1282
Si_46-2688,1.2530
Si_46-583,1.0408
Si_46-3177,1.2769
Si_46-19,1.0114
Si_46-3160,1.2143
Si_46-3976,1.3218
Si_46-2583,1.2287
Si_46-1072,1.1229
Si_46-768,1.0706
Si_46-1617,1.1553
Si_46-2801,1.2553
Si_46-3749,1.2261
Si_46-1630,1.1771
Si_46-2748,1.1925
Si_46-3957,1.2648
Si_46-3139,1.3068
Si_46-2217,1.1120
Si_46-1604,1.1532
Si_46-2012,1.2218
Si_46-2810,1.1595
Si_46-230,1.0665
Si_46-304,1.0557
Si_46-1915,1.1315
Si_46-3324,1.2843
Si_46-1134,1.1550
Si_46-1814,1.1896
Si_46-1455,1.1648
Si_46-3575,1.3198
Si_46-331,1.0436
Si_46-182,1.0535
Si_46-1558,1.0960
Si_46-702,1.0880
Si_46-581,1.0568
Si_46-319,1.0332
Si_46-2568,1.2313
Si_46-1679,1.1501
Si_46-3545,1.2502
Si_46-1396,1.1391
Si_46-359,1.0845
Si_46-1756,1.2193
Si_46-334,1.0552
Si_46-1883,1.1046
Si_46-818,1.0625
Si_46-3103,1.1460
Si_46-1803,1.1663
Si_46-1244,1.1380
Si_46-103,1.0732
Si_46-1765,1.2034
Si_46-787,1.1012
Si_46-2371,1.2172
Si_46-838,1.0957
Si_46-1900,1.1363
Si_46-2663,1.1437
Si_46-1976,1.0708
Si_46-2499,1.2516
Si_46-2800,1.1922
Si_46-1860,1.1572
Si_46-974,1.1474
Si_46-2484,1.2110
Si_46-3536,1.3243
Si_46-2433,1.2253
Si_46-143,1.0803
Si_46-215,1.0748
Si_46-933,1.0701
Si_46-2007,1.2045
Si_46-984,1.0951
Si_46-758,1.0932
Si_46-1270,1.1757
Si_46-776,1.0179
Si_46-1623,1.0710
Si_46-2178,1.1695
Si_46-3410,1.0888
Si_46-3184,1.2018
Si_46-3858,1.3133
Si_46-2896,1.1840
Si_46-1629,1.1720
Si_46-2277,1.1708
Si_46-206,1.0473
Si_46-2095,1.1758
Si_46-444,1.0956
Si_46-3212,1.3060
Si_46-800,1.1017
Si_46-789,1.0618
Si_46-2678,1.1647
Si_46-2672,1.1714
Si_46-210,1.0449
Si_46-3282,1.2637
Si_46-3603,1.2612
Si_46-1319,1.1590
Si_46-953,1.0964
Si_46-3868,1.3641
Si_46-981,1.0922
Si_46-2024,0.9829
Si_46-1058,1.1498
Si_46-1618,1.1233
Si_46-3883,1.3243
Si_46-2756,1.2725
Si_46-1769,1.0764
Si_46-2924,1.0901
Si_46-2968,1.2149
Si_46-3258,1.2374
Si_46-3789,1.2581
Si_46-2321,1.1575
Si_46-648,1.1131
Si_46-2423,1.1549
Si_46-1569,1.1131
Si_46-2833,1.2284
Si_46-2695,1.1562
Si_46-92,1.0712
Si_46-4008,1.2148
Si_46-3497,1.2460
Si_46-3071,1.1866
Si_46-1581,1.0937
Si_46-1284,1.1478
Si_46-3057,1.2103
Si_46-544,1.0857
Si_46-2392,1.1537
Si_46-1149,1.1234
Si_46-146,1.0524
Si_46-2696,1.2126
Si_46-1785,1.2153
Si_46-3644,1.3038
Si_46-3808,1.2813
Si_46-3720,1.2649
Si_46-3305,1.2408
Si_46-1674,1.1114
Si_46-2566,1.2103
Si_46-397,1.0708
Si_46-3939,1.3224
Si_46-355,1.0517
Si_46-1695,1.0972
Si_46-113,1.0364
Si_46-3207,1.2487
Si_46-81,1.0524
Si_46-2514,1.1636
Si_46-1941,1.2049
Si_46-3252,1.1869
Si_46-2856,1.2711
Si_46-3756,1.2305
Si_46-1088,1.1381
Si_46-3696,1.2856
Si_46-3990,1.3011
Si_46-3059,1.2418
Si_46-2051,1.2199
Si_46-527,1.0884
Si_46-601,1.1380
Si_46-154,1.0822
Si_46-2215,1.1463
Si_46-124,1.0261
Si_46-721,1.1135
Si_46-1804,1.1258
Si_46-1411,1.1345
Si_46-3466,1.2265
Si_46-2769,1.2599
Si_46-3574,1.3588
Si_46-682,1.1322
Si_46-1246,1.1785
Si_46-1277,1.1560
Si_46-2640,1.2215
Si_46-2597,1.0971
Si_46-367,1.0420
Si_46-242,1.0746
Si_46-1282,1.1259
Si_46-91,1.0532
Si_46-2618,1.2838
Si_46-125,1.0455
Si_46-3250,1.2281
Si_46-2961,1.2602
Si_46-765,1.0857
Si_46-2878,1.2506
Si_46-2279,1.1481
Si_46-3533,1.2240
Si_46-1311,1.1232
Si_46-2129,1.2089
Si_46-418,1.1060
Si_46-3747,1.2366
Si_46-271,1.0657
Si_46-1727,1.1194
Si_46-3427,1.2374
Si_46-2966,1.2489
Si_46-602,1.0748
Si_46-3996,1.2741
Si_46-588,1.0523
Si_46-3053,1.2494
Si_46-1759,1.1403
Si_46-2472,1.2809
Si_46-1838,1.0474
Si_46-3504,1.3194
Si_46-1849,1.1546
Si_46-3634,1.3211
Si_46-3570,1.1417
Si_46-3523,1.1766
Si_46-2996,1.2107
Si_46-2153,1.2196
Si_46-438,1.0603
Si_46-265,1.0663
Si_46-1933,1.1527
Si_46-515,1.0542
Si_46-3005,1.3540
Si_46-3122,1.2644
Si_46-1473,1.1842
Si_46-365,1.0385
Si_46-2161,1.1909
Si_46-1957,1.1280
Si_46-1002,1.1445
Si_46-1078,1.1715
Si_46-3546,1.2210
Si_46-3326,1.2939
Si_46-3216,1.2382
Si_46-1235,1.1249
Si_46-1472,1.1398
Si_46-3557,1.3241
Si_46-3900,1.3128
Si_46-1824,1.0984
Si_46-401,1.0812
Si_46-2103,1.1730
Si_46-2008,1.1189
Si_46-1700,1.1366
Si_46-200,1.0237
Si_46-2997,1.3212
Si_46-1520,1.1985
Si_46-328,1.0542
Si_46-830,1.1262
Si_46-3599,1.2818
Si_46-2603,1.1794
Si_46-1071,1.0547
Si_46-289,1.1076
Si_46-718,1.0665
Si_46-398,1.0984
Si_46-1800,1.1904
Si_46-2389,1.1983
Si_46-511,1.0651
Si_46-635,1.0747
Si_46-153,1.0509
Si_46-2554,1.1843
Si_46-2967,1.2529
Si_46-1810,1.1370
Si_46-1135,1.1029
Si_46-3706,1.2505
Si_46-931,1.1116
Si_46-870,1.0314
Si_46-1260,1.1368
Si_46-1921,1.2025
Si_46-2192,1.1507
Si_46-3079,1.2877
Si_46-3311,1.2441
Si_46-801,1.1149
Si_46-261,1.1067
Si_46-3864,1.2620
Si_46-2765,1.2124
Si_46-2294,1.1265
Si_46-1019,1.0897
Si_46-2622,1.2599
Si_46-613,1.0801
Si_46-879,1.1677
Si_46-1105,1.1813
Si_46-1868,1.0979
Si_46-2142,1.2101
Si_46-2981,1.2176
Si_46-1074,1.1701
Si_46-2932,1.3117
Si_46-2534,1.1288
Si_46-2530,1.2056
Si_46-2435,1.1846
Si_46-2591,1.2126
Si_46-2390,1.1999
Si_46-1635,1.1693
Si_46-1639,1.1885
Si_46-1681,1.0684
Si_46-1099,1.1287
Si_46-826,1.1097
Si_46-3083,1.2346
Si_46-1760,1.1392
Si_46-1454,1.1226
Si_46-923,1.0543
Si_46-1699,1.2005
Si_46-1794,1.1765
Si_46-3820,1.2984
Si_46-958,1.1317
Si_46-173,1.0578
Si_46-2701,1.3038
Si_46-35,1.0898
Si_46-1383,1.0996
Si_46-3105,1.2496
Si_46-3314,1.1981
Si_46-2841,1.2083
Si_46-1271,1.1439
Si_46-2587,1.1628
Si_46-935,1.0436
Si_46-1992,1.1745
Si_46-3682,1.2674
Si_46-3056,1.2347
Si_46-578,1.0605
Si_46-2101,1.1504
Si_46-1724,1.1474
Si_46-2921,1.2020
Si_46-1846,1.1071
Si_46-2760,1.2470
Si_46-862,1.0787
Si_46-955,1.1370
Si_46-2507,1.3027
Si_46-3751,1.1776
Si_46-916,1.1068
Si_46-49,1.0507
Si_46-3051,1.1984
Si_46-3856,1.2494
Si_46-2736,1.1055
Si_46-3380,1.2958
Si_46-3152,1.2513
Si_46-542,1.0605
Si_46-3683,1.2870
Si_46-3364,1.2054
Si_46-3781,1.2578
Si_46-3140,1.1705
Si_46-2422,1.1347
Si_46-356,1.0659
Si_46-4009,1.2907
Si_46-2693,1.1969
Si_46-3930,1.2519
Si_46-66,1.0373
Si_46-1347,1.1189
Si_46-1325,1.1600
Si_46-841,1.0889
Si_46-1652,1.2163
Si_46-995,1.1184
Si_46-3232,1.2517
Si_46-3060,1.2395
Si_46-528,1.0763
Si_46-415,1.0610
Si_46-50,1.0519
Si_46-3327,1.2035
Si_46-3807,1.3099
Si_46-2090,1.2025
Si_46-1228,1.1263
Si_46-497,1.0861
Si_46-1421,1.1440
Si_46-778,1.0846
Si_46-2077,1.1335
Si_46-2842,1.2452
Si_46-2843,1.2666
Si_46-3872,1.2779
Si_46-3009,1.2330
Si_46-1707,1.1366
Si_46-1300,1.1368
Si_46-745,1.1072
Si_46-1468,1.2119
Si_46-1697,1.1363
Si_46-2611,1.2636
Si_46-2901,1.1533
Si_46-2318,1.2687
Si_46-3845,1.3611
Si_46-323,1.0955
Si_46-2571,1.1039
Si_46-2335,1.1937
Si_46-3461,1.2277
Si_46-3585,1.2371
Si_46-1659,1.1326
Si_46-1788,1.1974
Si_46-962,1.1101
Si_46-1673,1.1225
Si_46-2836,1.1935
Si_46-2813,1.1370
Si_46-1865,1.1071
Si_46-642,1.1146
Si_46-2899,1.2450
Si_46-199,1.0447
Si_46-3340,1.3214
Si_46-3395,1.1239
Si_46-3860,1.2562
Si_46-1293,1.1770
Si_46-486,1.0745
Si_46-2902,1.2179
Si_46-3832,1.2124
Si_46-893,1.0846
Si_46-3397,1.2781
Si_46-3925,1.2978
Si_46-3742,1.3007
Si_46-906,1.1152
Si_46-2971,1.2360
Si_46-2253,1.2037
Si_46-2179,1.2072
Si_46-1183,1.0521
Si_46-988,1.1006
Si_46-3069,1.2590
Si_46-979,1.1642
Si_46-1587,1.1659
Si_46-8,1.0517
Si_46-2403,1.1588
Si_46-140,1.0543
Si_46-184,1.0534
Si_46-1747,1.1003
Si_46-3515,1.2780
Si_46-2042,1.2647
Si_46-1744,1.0620
Si_46-631,1.1598
Si_46-3108,1.2636
Si_46-2959,1.3112
Si_46-1797,1.1064
Si_46-752,1.0509
Si_46-3465,1.3056
Si_46-1660,1.1382
Si_46-730,1.0673
Si_46-2626,1.2540
Si_46-1926,1.2439
Si_46-750,1.1074
Si_46-1206,1.0547
Si_46-3167,1.2314
Si_46-1063,1.1435
Si_46-1656,1.1630
Si_46-2183,1.2697
Si_46-3489,1.2697
Si_46-2669,1.2121
Si_46-1919,1.2087
Si_46-3723,1.2703
Si_46-93,1.0777
Si_46-172,1.0814
Si_46-1415,1.0381
Si_46-3067,1.2169
Si_46-1783,1.1929
Si_46-2553,1.2073
Si_46-3684,1.3406
Si_46-12,1.0207
Si_46-1132,1.1166
Si_46-114,1.0797
Si_46-3984,1.2021
Si_46-299,1.0808
Si_46-1000,1.1130
Si_46-2170,1.2048
Si_46-2606,1.2014
Si_46-2383,1.1771
Si_46-1412,1.1380
Si_46-86,1.0603
Si_46-539,1.0503
Si_46-973,1.0723
Si_46-950,1.1089
Si_46-2569,1.1661
Si_46-1504,1.1709
Si_46-3066,1.2669
Si_46-2323,1.1395
Si_46-2962,1.2427
Si_46-2229,1.1834
Si_46-1887,1.1511
Si_46-400,1.0444
Si_46-1904,1.1480
Si_46-2523,1.2195
Si_46-3904,1.3118
Si_46-3249,1.3067
Si_46-1358,1.1248
Si_46-2918,1.3083
Si_46-2552,1.2663
Si_46-3605,1.2332
Si_46-1923,1.0853
Si_46-2093,1.1555
Si_46-719,1.1018
Si_46-2117,1.1302
Si_46-3176,1.1883
Si_46-1840,1.1039
Si_46-2384,1.1616
Si_46-1450,1.0910
Si_46-2866,1.2491
Si_46-468,1.1025
Si_46-1826,1.2163
Si_46-432,1.0938
Si_46-3837,1.3034
Si_46-2728,1.1343
Si_46-2646,1.1904
Si_46-3092,1.3053
Si_46-2676,1.2596
Si_46-259,1.0209
Si_46-3440,1.2915
Si_46-1046,1.0595
Si_46-1116,1.1349
Si_46-1095,1.1932
Si_46-3457,1.2333
Si_46-2877,1.2248
Si_46-3367,1.1850
Si_46-3923,1.3348
Si_46-3726,1.2714
Si_46-3251,1.1883
Si_46-3126,1.1767
Si_46-1833,1.0583
Si_46-1708,1.1838
Si_46-47,1.0806
Si_46-1243,1.1010
Si_46-2094,1.2192
Si_46-3095,1.3227
Si_46-1344,1.1431
Si_46-2870,1.1563
Si_46-3110,1.1700
Si_46-1253,1.1507
Si_46-2692,1.1982
Si_46-61,1.0567
Si_46-2275,1.3096
Si_46-3222,1.1044
Si_46-1857,1.1532
Si_46-2690,1.2166
Si_46-1935,1.1761
Si_46-3907,1.2304
Si_46-2073,1.0374
Si_46-3932,1.3362
Si_46-2395,1.2101
Si_46-1146,1.1672
Si_46-3185,1.2422
Si_46-760,1.0871
Si_46-849,1.0899
Si_46-1655,1.2017
Si_46-580,1.0627
Si_46-2865,1.2360
Si_46-3897,1.3250
Si_46-3829,1.2407
Si_46-1918,1.1445
Si_46-2464,1.2828
Si_46-940,1.0447
Si_46-1309,1.1014
Si_46-1180,1.1487
Si_46-3455,1.2683
Si_46-1108,1.1279
Si_46-2771,1.1862
Si_46-258,1.0580
Si_46-2067,1.2538
Si_46-976,1.1438
Si_46-2731,1.1793
Si_46-1610,1.1744
Si_46-280,1.0748
Si_46-1255,1.1598
Si_46-3459,1.2249
Si_46-2445,1.1670
Si_46-1816,1.1539
Si_46-2674,1.1178
Si_46-2011,1.2755
Si_46-96,1.0701
Si_46-3514,1.3547
Si_46-997,1.0961
Si_46-2004,1.2137
Si_46-269,1.1146
Si_46-2463,1.2641
Si_46-3147,1.2684
Si_46-3163,1.2132
Si_46-1496,1.1712
Si_46-604,1.0923
Si_46-3698,1.2279
Si_46-3415,1.2927
Si_46-3274,1.3069
Si_46-3953,1.3382
Si_46-2259,1.1357
Si_46-1259,1.1597
Si_46-237,1.0844
Si_46-1535,1.0713
Si_46-3945,1.3066
Si_46-3518,1.3725
Si_46-3594,1.2813
Si_46-894,1.0667
Si_46-3573,1.1779
Si_46-1470,1.1507
Si_46-2974,1.2449
Si_46-2418,1.0916
Si_46-3264,1.1934
Si_46-345,1.0422
Si_46-1214,1.0636
Si_46-3511,1.2357
Si_46-3398,1.1602
Si_46-924,1.0923
Si_46-3463,1.3260
Si_46-1142,1.0360
Si_46-4018,1.3239
Si_46-3246,1.2580
Si_46-1368,1.1419
Si_46-350,1.0666
Si_46-244,1.0810
Si_46-1893,1.1452
Si_46-546,1.0849
Si_46-843,1.0995
Si_46-3692,1.1817
Si_46-3857,1.3325
Si_46-941,1.1376
Si_46-911,1.1084
Si_46-992,1.1105
Si_46-436,1.0549
Si_46-3676,1.3017
Si_46-69,1.0813
Si_46-1632,1.1265
Si_46-864,1.1051
Si_46-1585,1.1546
Si_46-202,1.0597
Si_46-3065,1.3087
Si_46-1399,1.1072
Si_46-2197,1.2272
Si_46-3779,1.3435
Si_46-863,1.1335
Si_46-678,1.0697
Si_46-1820,1.1127
Si_46-1901,1.1775
Si_46-1027,1.0953
Si_46-1902,1.1366
Si_46-1354,1.1549
Si_46-3850,1.3276
Si_46-3598,1.1535
Si_46-158,1.0811
Si_46-3793,1.3088
Si_46-2224,1.1132
Si_46-2199,1.1072
Si_46-1092,1.1461
Si_46-1014,1.1010
Si_46-3715,1.3152
Si_46-3852,1.3345
Si_46-2629,1.1056
Si_46-2910,1.2475
Si_46-2256,1.1773
Si_46-1397,1.1390
Si_46-3352,1.2201
Si_46-2930,1.2322
Si_46-88,1.0520
Si_46-3320,1.2571
Si_46-165,1.0444
Si_46-898,1.0858
Si_46-1953,1.1618
Si_46-1950,1.1232
Si_46-2912,1.2164
Si_46-1362,1.1380
Si_46-3343,1.1737
Si_46-1931,1.1926
Si_46-1225,1.1553
Si_46-186,1.0603
Si_46-285,1.0645
Si_46-1990,1.2245
Si_46-3390,1.1866
Si_46-1374,1.0695
Si_46-2526,1.1781
Si_46-3278,1.3269
Si_46-2003,1.1943
Si_46-11,1.0819
Si_46-680,1.0829
Si_46-2136,1.1553
Si_46-2847,1.2891
Si_46-1850,1.1758
Si_46-443,1.1072
Si_46-1066,1.1048
Si_46-1119,1.0594
Si_46-5,1.0478
Si_46-2814,1.2200
Si_46-1443,1.0871
Si_46-3637,1.2933
Si_46-132,1.0566
Si_46-917,1.0560
Si_46-1549,1.2259
Si_46-1042,1.0124
Si_46-301,1.0467
Si_46-813,1.0574
Si_46-1651,1.1554
Si_46-3604,1.3042
Si_46-2757,1.2158
Si_46-3699,1.2842
Si_46-699,1.0926
Si_46-1823,1.0209
Si_46-922,1.0780
Si_46-3443,1.2184
Si_46-514,1.0636
Si_46-3449,1.2948
Si_46-1086,1.1345
Si_46-3851,1.2221
Si_46-3383,1.2263
Si_46-1170,1.1209
Si_46-2298,1.2367
Si_46-3290,1.2858
Si_46-650,1.0786
Si_46-1867,1.1482
Si_46-769,1.1231
Si_46-2830,1.1697
Si_46-2666,1.1956
Si_46-3607,1.2753
Si_46-771,1.0186
Si_46-4011,1.2923
Si_46-1965,1.1832
Si_46-2222,1.1393
Si_46-2915,1.2199
Si_46-3579,1.1543
Si_46-1291,1.1333
Si_46-1062,1.0723
Si_46-1716,1.0670
Si_46-3652,1.2726
Si_46-3670,1.3188
Si_46-3182,1.2051
Si_46-1053,1.1672
Si_46-3921,1.2349
Si_46-1685,1.1502
Si_46-2826,1.2207
Si_46-3590,1.2331
Si_46-670,1.0869
Si_46-2306,1.0896
Si_46-2804,1.2028
Si_46-2529,1.1727
Si_46-1811,1.2190
Si_46-447,1.1185
Si_46-732,1.0958
Si_46-1475,1.0921
Si_46-1113,1.1635
Si_46-2089,1.1323
Si_46-3259,1.2444
Si_46-3146,1.2543
Si_46-965,1.1241
Si_46-1008,1.1125
Si_46-175,1.1017
Si_46-3439,1.2816
Si_46-2546,1.2352
Si_46-2272,1.1516
Si_46-2621,1.2307
Si_46-221,1.0789
Si_46-1848,1.1992
Si_46-2576,1.2736
Si_46-4004,1.2979
Si_46-3417,1.2563
Si_46-571,1.0761
Si_46-1380,1.1345
Si_46-1837,1.1560
Si_46-1832,1.1476
Si_46-3653,1.3737
Si_46-2162,1.2307
Si_46-828,1.0842
Si_46-1529,1.1361
Si_46-391,1.0695
Si_46-1590,1.0894
Si_46-318,1.0414
Si_46-2535,1.1654
Si_46-1542,1.1701
Si_46-2802,1.2229
Si_46-3015,1.2562
Si_46-3641,1.2949
Si_46-3926,1.2709
Si_46-2659,1.2129
Si_46-2969,1.2524
Si_46-1746,1.1520
Si_46-3981,1.2286
Si_46-3724,1.3386
Si_46-1231,1.1081
Si_46-2820,1.1577
Si_46-3294,1.2658
Si_46-1906,1.1560
Si_46-932,1.1196
Si_46-3338,1.3343
Si_46-3245,1.1864
Si_46-2455,1.2134
Si_46-1467,1.1663
Si_46-2635,1.1502
Si_46-1574,1.2189
Si_46-214,1.0364
Si_46-2907,1.2708
Si_46-4021,1.2829
Si_46-1514,1.1544
Si_46-538,1.1294
Si_46-234,1.0523
Si_46-633,1.0497
Si_46-1141,1.0775
Si_46-2642,1.2484
Si_46-3874,1.2199
Si_46-2140,1.1935
Si_46-2030,1.1966
Si_46-1895,1.1780
Si_46-638,1.0981
Si_46-1187,1.0808
Si_46-3347,1.2624
Si_46-3564,1.2208
Si_46-142,1.0282
Si_46-3485,1.2333
Si_46-2113,1.1830
Si_46-2258,1.1781
Si_46-1079,1.0890
Si_46-2714,1.1934
Si_46-3562,1.3716
Si_46-2923,1.2678
Si_46-3704,1.3587
Si_46-2734,1.2006
Si_46-2590,1.1703
Si_46-2316,1.1914
Si_46-2145,1.1685
Si_46-2770,1.2573
Si_46-3690,1.2830
Si_46-2436,1.1617
Si_46-380,1.0783
Si_46-276,1.0657
Si_46-713,1.0794
Si_46-1525,1.1051
Si_46-3649,1.2936
Si_46-1245,1.0409
Si_46-469,1.1215
Si_46-1808,1.2121
Si_46-700,1.0735
Si_46-663,1.0759
Si_46-764,1.0727
Si_46-3486,1.2294
Si_46-3300,1.2384
Si_46-1668,1.1538
Si_46-3959,1.3039
Si_46-3566,1.2119
Si_46-1654,1.1685
Si_46-1945,1.1520
Si_46-2027,1.0933
Si_46-3740,1.2825
Si_46-2412,1.1315
Si_46-3389,1.2692
Si_46-3689,1.2282
Si_46-341,1.0462
Si_46-2025,1.0959
Si_46-2881,1.2910
Si_46-584,1.0834
Si_46-2442,1.1608
Si_46-1705,1.2093
Si_46-2882,1.2802
Si_46-2975,1.2720
Si_46-3379,1.2189
Si_46-58,1.0490
Si_46-969,1.0963
Si_46-2516,1.2502
Si_46-3349,1.2965
Si_46-2976,1.1793
Si_46-77,1.0337
Si_46-101,1.0810
Si_46-3446,1.2277
Si_46-2028,1.2488
Si_46-1562,1.1701
Si_46-3363,1.2965
Si_46-1595,1.1138
Si_46-1873,1.2588
Si_46-591,1.1121
Si_46-357,1.0799
Si_46-2754,1.1094
Si_46-2381,1.1353
Si_46-2636,1.2690
Si_46-1204,1.1216
Si_46-1501,1.0789
Si_46-2845,1.2895
Si_46-2980,1.1940
Si_46-665,1.0857
Si_46-2035,1.2126
Si_46-2660,1.1353
Si_46-3773,1.2758
Si_46-3192,1.1398
Si_46-1787,1.1470
Si_46-201,1.0331
Si_46-1059,1.0929
Si_46-983,1.1621
Si_46-1195,1.1677
Si_46-2082,1.1233
Si_46-3601,1.1715
Si_46-2349,1.0953
Si_46-3631,1.2890
Si_46-1030,1.0981
Si_46-1478,1.1553
Si_46-3371,1.3672
Si_46-1575,1.1321
Si_46-809,1.0235
Si_46-1136,1.0585
Si_46-662,1.0585
Si_46-890,1.1227
Si_46-2752,1.2116
Si_46-433,1.0747
Si_46-3517,1.2756
Si_46-2102,1.2017
Si_46-297,1.0512
Si_46-3507,1.2801
Si_46-1121,1.0718
Si_46-1044,1.1007
Si_46-1129,1.1208
Si_46-117,1.0505
Si_46-3608,1.1667
Si_46-2706,1.1929
Si_46-159,1.0705
Si_46-2895,1.2289
Si_46-3070,1.1853
Si_46-521,1.0714
Si_46-1689,1.1082
Si_46-1871,1.2068
Si_46-360,1.1152
Si_46-2414,1.1534
Si_46-32,1.0183
Si_46-684,1.0567
Si_46-405,1.0976
Si_46-913,1.1482
Si_46-2173,1.1281
Si_46-1557,1.1117
Si_46-3646,1.3312
Si_46-796,1.0467
Si_46-2946,1.1912
Si_46-3587,1.3510
Si_46-2148,1.0150
Si_46-1178,1.0804
Si_46-3510,1.2977
Si_46-1741,1.1277
Si_46-2777,1.1509
Si_46-457,1.0463
Si_46-3501,1.3038
Si_46-1650,1.1108
Si_46-3886,1.3440
Si_46-3123,1.2928
Si_46-1047,1.0887
Si_46-788,1.0456
Si_46-1406,1.1051
Si_46-1792,1.1737
Si_46-3220,1.2218
Si_46-3113,1.1953
Si_46-2575,1.1942
Si_46-3940,1.1918
Si_46-3402,1.3234
Si_46-3944,1.2460
Si_46-1813,1.1193
Si_46-1749,1.1782
Si_46-1247,1.1491
Si_46-1583,1.1387
Si_46-872,1.1035
Si_46-506,1.0785
Si_46-2496,1.1413
Si_46-3081,1.2051
Si_46-2409,1.1008
Si_46-340,1.0484
Si_46-1717,1.1643
Si_46-1964,1.1057
Si_46-1606,1.1178
Si_46-381,1.0803
Si_46-1896,1.1677
Si_46-2447,1.2626
Si_46-1279,1.0466
Si_46-2370,1.1141
Si_46-910,1.0850
Si_46-617,1.0717
Si_46-183,1.0573
Si_46-709,1.1595
Si_46-1098,1.0645
Si_46-1006,1.1068
Si_46-1048,1.1663
Si_46-2421,1.0908
Si_46-364,1.0761
Si_46-2367,1.2319
Si_46-1928,1.0940
Si_46-2247,1.2357
Si_46-2664,1.1282
Si_46-3055,1.2055
Si_46-2369,1.1913
Si_46-3267,1.2877
Si_46-404,1.0779
Si_46-621,1.0749
Si_46-3337,1.1717
Si_46-2763,1.2109
Si_46-1625,1.1034
Si_46-2935,1.2974
Si_46-1230,1.1551
Si_46-3191,1.1438
Si_46-3992,1.2934
Si_46-371,1.0815
Si_46-1703,1.1394
Si_46-1863,1.2154
Si_46-741,1.1149
Si_46-60,1.0452
Si_46-3822,1.3334
Si_46-3196,1.1733
Si_46-2466,1.1712
Si_46-2431,1.2484
Si_46-996,1.1326
Si_46-2485,1.2183
Si_46-2416,1.2327
Si_46-2388,1.2354
Si_46-3844,1.3668
Si_46-2336,1.2041
Si_46-393,1.0357
Si_46-510,1.0671
Si_46-2036,1.1701
Si_46-3750,1.3418
Si_46-2645,1.2157
Si_46-1389,1.1376
Si_46-2084,1.1659
Si_46-2038,1.1629
Si_46-614,1.0904
Si_46-2795,1.1956
Si_46-442,1.0720
Si_46-1878,1.1270
Si_46-2187,1.2416
Si_46-2983,1.2833
Si_46-2231,1.2393
Si_46-834,1.0866
Si_46-2593,1.2431
Si_46-3360,1.1823
Si_46-3703,1.2651
Si_46-3895,1.3029
Si_46-74,1.0376
Si_46-2570,1.2355
Si_46-3790,1.2357
Si_46-1641,1.1130
Si_46-79,1.0770
Si_46-256,1.0629
Si_46-1372,1.1252
Si_46-3063,1.2871
Si_46-2243,1.2252
Si_46-1721,1.1922
Si_46-1553,1.1384
Si_46-1561,1.1490
Si_46-1424,1.1548
Si_46-3306,1.3541
Si_46-1165,1.1299
Si_46-2393,1.2381
Si_46-2885,1.1374
Si_46-784,1.0549
Si_46-620,1.0724
Si_46-2704,1.2610
Si_46-3622,1.1883
Si_46-2399,1.2113
Si_46-1332,1.1313
Si_46-1670,1.1604
Si_46-2512,1.0323
Si_46-1130,1.1306
Si_46-2742,1.1837
Si_46-478,1.1198
Si_46-313,1.0634
Si_46-3659,1.3101
Si_46-1036,1.0917
Si_46-3453,1.2537
Si_46-3301,1.2634
Si_46-3026,1.1289
Si_46-803,1.1091
Si_46-1597,1.1033
Si_46-677,1.1215
Si_46-3376,1.3051
Si_46-3512,1.3415
Si_46-2823,1.3094
Si_46-3462,1.2650
Si_46-608,1.0879
Si_46-1983,1.1903
Si_46-736,1.1396
Si_46-1011,1.0616
Si_46-1410,1.1033
Si_46-1216,1.0765
Si_46-3674,1.1561
Si_46-3433,1.2237
Si_46-2609,1.1628
Si_46-1772,1.2023
Si_46-1392,1.1172
Si_46-472,1.0951
Si_46-65,1.0834
Si_46-1522,1.0841
Si_46-1550,1.0871
Si_46-127,1.0593
Si_46-3865,1.3423
Si_46-2141,1.1719
Si_46-2394,1.1862
Si_46-228,1.0794
Si_46-3819,1.2188
Si_46-3241,1.1631
Si_46-3054,1.2747
Si_46-424,1.0757
Si_46-2726,1.2809
Si_46-3469,1.2982
Si_46-3368,1.2928
Si_46-2608,1.2385
Si_46-2109,1.2758
Si_46-460,1.0747
Si_46-2718,1.2721
Si_46-2991,1.2597
Si_46-2572,1.0996
Si_46-1138,1.1329
Si_46-2439,1.2476
Si_46-1431,1.1542
Si_46-2072,1.1672
Si_46-1281,1.1524
Si_46-1571,1.1067
Si_46-377,1.0374
Si_46-630,1.0734
Si_46-2300,1.1930
Si_46-1361,1.0770
Si_46-2828,1.2453
Si_46-107,1.1046
Si_46-190,1.0520
Si_46-3178,1.3225
Si_46-251,1.0695
Si_46-1701,1.1018
Si_46-3561,1.2196
Si_46-934,1.1208
Si_46-3024,1.2291
Si_46-773,1.1292
Si_46-450,1.0575
Si_46-1126,1.1440
Si_46-129,1.0775
Si_46-3586,1.2583
Si_46-4006,1.2438
Si_46-1968,1.1253
Si_46-2838,1.1506
Si_46-927,1.0811
Si_46-70,1.0511
Si_46-2643,1.1894
Si_46-2654,1.1893
Si_46-1484,1.0922
Si_46-3914,1.4043
Si_46-1526,1.1794
Si_46-2722,1.2322
Si_46-3661,1.2137
Si_46-156,1.0315
Si_46-423,1.0602
Si_46-3505,1.3103
Si_46-846,1.0789
Si_46-2729,1.1700
Si_46-1925,1.1420
Si_46-1413,1.1836
Si_46-1665,1.1457
Si_46-3848,1.2756
Si_46-4020,1.1899
Si_46-2812,1.2391
Si_46-742,1.1075
Si_46-2944,1.2630
Si_46-2041,1.1720
Si_46-394,1.0652
Si_46-1460,1.1040
Si_46-3107,1.3194
Si_46-839,1.1296
Si_46-548,1.1554
Si_46-1903,1.1399
Si_46-1276,1.1273
Si_46-1546,1.1629
Si_46-502,1.1062
Si_46-115,1.0402
Si_46-489,1.0717
Si_46-2280,1.2465
Si_46-316,1.0644
Si_46-1693,1.1468
Si_46-2859,1.2728
Si_46-128,1.0532
Si_46-2121,1.0628
Si_46-133,1.0454
Si_46-3841,1.2274
Si_46-134,1.0701
Si_46-541,1.0661
Si_46-3025,1.1651
Si_46-2717,1.1067
Si_46-4017,1.3065
Si_46-13,1.0517
Si_46-2880,1.2183
Si_46-1559,1.1796
Si_46-816,1.1095
Si_46-3308,1.2550
Si_46-1177,1.0934
Si_46-227,1.0498
Si_46-770,1.1060
Si_46-94,1.0940
Si_46-122,1.0228
Si_46-1831,1.2279
Si_46-1190,1.0546
Si_46-1649,1.1565
Si_46-3835,1.2999
Si_46-1988,1.1455
Si_46-1026,1.1080
Si_46-643,1.0866
Si_46-2541,1.2478
Si_46-1600,1.1359
Si_46-2589,1.2166
Si_46-1045,1.1744
Si_46-854,1.0976
Si_46-3633,1.1920
Si_46-1666,1.1029
Si_46-3730,1.2361
Si_46-3085,1.1870
Si_46-3948,1.2312
Si_46-2144,1.1883
Si_46-2458,1.2204
Si_46-164,1.0527
Si_46-3150,1.2887
Si_46-2909,1.3143
Si_46-1239,1.0772
Si_46-220,1.0263
Si_46-3713,1.2650
Si_46-564,1.0629
Si_46-3934,1.2361
Si_46-2131,1.1743
Si_46-1955,1.1138
Si_46-1786,1.1074
Si_46-2890,1.1078
Si_46-2844,1.2263
Si_46-2387,1.2278
Si_46-3052,1.2819
Si_46-676,1.1235
Si_46-18,1.0271
Si_46-674,1.1047
Si_46-658,1.0444
Si_46-1345,1.1761
Si_46-2657,1.2250
Si_46-3892,1.2483
Si_46-2837,1.2253
Si_46-3162,1.2909
Si_46-3836,1.2536
Si_46-1275,1.1270
Si_46-2551,1.1164
Si_46-264,1.0627
Si_46-273,1.0606
Si_46-1215,1.1270
Si_46-2345,1.1965
Si_46-1221,1.0980
Si_46-1357,1.1114
Si_46-2798,1.2485
Si_46-1091,1.0851
Si_46-530,1.0280
Si_46-3073,1.3778
Si_46-507,1.0199
Si_46-919,1.0651
Si_46-2732,1.2509
Si_46-3101,1.1031
Si_46-2009,1.1223
Si_46-52,1.0257
Si_46-1459,1.1484
Si_46-3094,1.2526
Si_46-1704,1.0928
