Si_34-2,1.3151
Si_34-3,1.3867
Si_34-4,1.2562
Si_34-5,1.2597
Si_34-6,1.2481
Si_34-7,1.3000
Si_34-8,1.2507
Si_34-9,1.3491
Si_34-10,1.2665
Si_34-11,1.2509
Si_34-13,1.2436
Si_34-14,1.2582
Si_34-15,1.2633
Si_34-16,1.3165
Si_34-17,1.3000
Si_34-18,1.2651
Si_34-19,1.2985
Si_34-21,1.3235
Si_34-23,1.2985
Si_34-24,1.3174
Si_34-25,1.2674
Si_34-26,1.2408
Si_34-28,1.3551
Si_34-29,1.2509
Si_34-30,1.2712
Si_34-34,1.2572
Si_34-36,1.2486
Si_34-37,1.2576
Si_34-43,1.2981
Si_34-45,1.3388
Si_34-46,1.2520
Si_34-47,1.2427
Si_34-49,1.2412
Si_34-51,1.2649
Si_34-53,1.2237
Si_34-55,1.2589
Si_34-59,1.2347
Si_34-60,1.2387
Si_34-62,1.2525
Si_34-68,1.2019
Si_34-71,1.2576
Si_34-72,1.2283
Si_34-73,1.1812
Si_34-76,1.2003
Si_34-77,1.2579
Si_34-79,1.2803
Si_34-80,1.2104
Si_34-81,1.2591
Si_34-82,1.2009
Si_34-87,1.2614
Si_34-88,1.1974
Si_34-89,1.2508
Si_34-93,1.2598
Si_34-94,1.2626
Si_34-99,1.2042
Si_34-100,1.2485
Si_34-108,1.2970
Si_34-109,1.1730
Si_34-111,1.2431
Si_34-112,1.3307
Si_34-113,1.2107
Si_34-114,1.2235
Si_34-116,1.2494
Si_34-117,1.2458
Si_34-118,1.3258
Si_34-123,1.1940
Si_34-127,1.3269
Si_34-128,1.2774
Si_34-129,1.2676
Si_34-130,1.1812
Si_34-131,1.3111
Si_34-135,1.1996
Si_34-139,1.2289
Si_34-142,1.2414
Si_34-143,1.1799
Si_34-144,1.2544
Si_34-145,1.1803
Si_34-147,1.2614
Si_34-154,1.2984
Si_34-156,1.2853
Si_34-158,1.1711
Si_34-160,1.2174
Si_34-161,1.2009
Si_34-163,1.2853
Si_34-173,1.2186
Si_34-174,1.2963
Si_34-176,1.2229
Si_34-179,1.2141
Si_34-182,1.0976
Si_34-183,1.3545
Si_34-184,1.1941
Si_34-187,1.1966
Si_34-189,1.2651
Si_34-191,1.2104
Si_34-192,1.2442
Si_34-198,1.2047
Si_34-201,1.2214
Si_34-202,1.2914
Si_34-204,1.1324
Si_34-206,1.1750
Si_34-207,1.1869
Si_34-210,1.2178
Si_34-211,1.1812
Si_34-212,1.2569
Si_34-213,1.2014
Si_34-214,1.2568
Si_34-215,1.2573
Si_34-221,1.2643
Si_34-222,1.1830
Si_34-224,1.1607
Si_34-226,1.2058
Si_34-231,1.2644
Si_34-235,1.1723
Si_34-237,1.1879
Si_34-240,1.2190
Si_34-242,1.2384
Si_34-243,1.2054
Si_34-247,1.2809
Si_34-248,1.1912
Si_34-249,1.1860
Si_34-251,1.2930
Si_34-253,1.2235
Si_34-255,1.1883
Si_34-256,1.1529
Si_34-257,1.1632
Si_34-261,1.2781
Si_34-262,1.2094
Si_34-265,1.2594
Si_34-267,1.1396
Si_34-269,1.1349
Si_34-274,1.2545
Si_34-275,1.2026
Si_34-277,1.1836
Si_34-278,1.2015
Si_34-280,1.1866
Si_34-282,1.1896
Si_34-283,1.1755
Si_34-287,1.1063
Si_34-297,1.1841
Si_34-299,1.2977
Si_34-300,1.2353
Si_34-301,1.2360
Si_34-305,1.2564
Si_34-311,1.2883
Si_34-314,1.2064
Si_34-315,1.2940
Si_34-317,1.2117
Si_34-320,1.1876
Si_34-321,1.2453
Si_34-323,1.1531
Si_34-325,1.2146
Si_34-326,1.2035
Si_34-327,1.2342
Si_34-329,1.2049
Si_34-330,1.2861
Si_34-335,1.1348
Si_34-340,1.2717
Si_34-342,1.2477
Si_34-343,1.2804
Si_34-344,1.2691
Si_34-347,1.2902
Si_34-348,1.0863
Si_34-349,1.2057
Si_34-353,1.2793
Si_34-355,1.1996
Si_34-357,1.2965
Si_34-358,1.3148
Si_34-362,1.2627
Si_34-366,1.2508
Si_34-367,1.2114
Si_34-369,1.1643
Si_34-370,1.2156
Si_34-372,1.1476
Si_34-375,1.2859
Si_34-381,1.1615
Si_34-382,1.2186
Si_34-384,1.2351
Si_34-385,1.2296
Si_34-390,1.2283
Si_34-393,1.2690
Si_34-394,1.2439
Si_34-395,1.1362
Si_34-397,1.2382
Si_34-398,1.2043
Si_34-400,1.1114
Si_34-402,1.2309
Si_34-404,1.2269
Si_34-405,1.1883
Si_34-406,1.1296
Si_34-409,1.2201
Si_34-410,1.1833
Si_34-411,1.2393
Si_34-412,1.1574
Si_34-413,1.1939
Si_34-415,1.1088
Si_34-416,1.0712
Si_34-417,1.2336
Si_34-418,1.2256
Si_34-419,1.1822
Si_34-420,1.1809
Si_34-424,1.1944
Si_34-426,1.1693
Si_34-427,1.1345
Si_34-428,1.2294
Si_34-431,1.2897
Si_34-433,1.2028
Si_34-434,1.1349
Si_34-438,1.2435
Si_34-440,1.1330
Si_34-441,1.2425
Si_34-442,1.1858
Si_34-443,1.2256
Si_34-450,1.2956
Si_34-457,1.2147
Si_34-460,1.1472
Si_34-461,1.2224
Si_34-463,1.1246
Si_34-467,1.2416
Si_34-468,1.1939
Si_34-470,1.1844
Si_34-472,1.2023
Si_34-475,1.2158
Si_34-476,1.2690
Si_34-478,1.1247
Si_34-479,1.2108
Si_34-481,1.1542
Si_34-483,1.2278
Si_34-484,1.2014
Si_34-486,1.1845
Si_34-488,1.1509
Si_34-489,1.2898
Si_34-491,1.2666
Si_34-492,1.1513
Si_34-493,1.1602
Si_34-494,1.1332
Si_34-495,1.1350
Si_34-496,1.2059
Si_34-497,1.1276
Si_34-498,1.1687
Si_34-499,1.3125
Si_34-500,1.1678
Si_34-502,1.0587
Si_34-504,1.1295
Si_34-505,1.2306
Si_34-506,1.2317
Si_34-508,1.2343
Si_34-509,1.1743
Si_34-510,1.1927
Si_34-511,1.0678
Si_34-513,1.2166
Si_34-516,1.2279
Si_34-517,1.2099
Si_34-518,1.1295
Si_34-519,1.3018
Si_34-522,1.1450
Si_34-523,1.2048
Si_34-527,1.2104
Si_34-528,1.1722
Si_34-529,1.1688
Si_34-530,1.2443
Si_34-531,1.1569
Si_34-533,1.2238
Si_34-537,1.2248
Si_34-541,1.2911
Si_34-542,1.2702
Si_34-544,1.2068
Si_34-546,1.0931
Si_34-548,1.1688
Si_34-549,1.2202
Si_34-550,1.0626
Si_34-551,1.0432
Si_34-556,1.3076
Si_34-558,1.2310
Si_34-559,1.1665
Si_34-560,1.2285
Si_34-561,1.0869
Si_34-562,1.1581
Si_34-566,1.2415
Si_34-568,1.2222
Si_34-571,1.2321
Si_34-572,1.1839
Si_34-575,1.2370
Si_34-576,1.2116
Si_34-577,1.1605
Si_34-578,1.1533
Si_34-584,1.2373
Si_34-586,1.2153
Si_34-590,1.1684
Si_34-591,1.1436
Si_34-593,1.1633
Si_34-596,1.1572
Si_34-598,1.2189
Si_34-599,1.2167
Si_34-600,1.2178
Si_34-601,1.1681
Si_34-604,1.1916
Si_34-609,1.0848
Si_34-610,1.1871
Si_34-612,1.2288
Si_34-614,1.1120
Si_34-616,0.9934
Si_34-618,1.0798
Si_34-620,1.2246
Si_34-623,1.1850
Si_34-625,1.2344
Si_34-626,1.1165
Si_34-627,1.1355
Si_34-628,1.1996
Si_34-629,1.2950
Si_34-631,1.2072
Si_34-633,1.1782
Si_34-638,1.2121
Si_34-639,1.1660
Si_34-640,1.1038
Si_34-641,1.1681
Si_34-642,1.1854
Si_34-644,1.2127
Si_34-646,1.1362
Si_34-648,1.1424
Si_34-651,1.0962
Si_34-652,1.0808
Si_34-653,1.1493
Si_34-654,1.1076
Si_34-655,1.1388
Si_34-656,1.1747
Si_34-658,1.2006
Si_34-659,1.2799
Si_34-661,1.2390
Si_34-662,1.1414
Si_34-664,1.0935
Si_34-667,1.2191
Si_34-669,1.1584
Si_34-670,1.1195
Si_34-672,1.2303
Si_34-675,1.2533
Si_34-677,1.1197
Si_34-679,1.2299
Si_34-680,1.1487
Si_34-683,1.1739
Si_34-685,1.1335
Si_34-689,1.2314
Si_34-690,1.0945
Si_34-691,1.1799
Si_34-694,1.2951
Si_34-696,1.1536
Si_34-698,1.0604
Si_34-699,1.2400
Si_34-700,1.1117
Si_34-701,1.0914
Si_34-702,1.2158
Si_34-704,1.2043
Si_34-705,1.2153
Si_34-706,1.1884
Si_34-707,1.1475
Si_34-708,1.2960
Si_34-709,1.1707
Si_34-713,1.1566
Si_34-714,1.1285
Si_34-719,1.2492
Si_34-721,1.2262
Si_34-722,1.1103
Si_34-724,1.0884
Si_34-727,1.1600
Si_34-732,1.1950
Si_34-733,1.2373
Si_34-734,1.1013
Si_34-736,1.1709
Si_34-737,1.1254
Si_34-740,1.2059
Si_34-741,1.0934
Si_34-742,1.1559
Si_34-743,1.0824
Si_34-745,1.1805
Si_34-746,1.0853
Si_34-749,1.1860
Si_34-750,1.1637
Si_34-752,1.2720
Si_34-753,1.2623
Si_34-755,1.1991
Si_34-759,1.1591
Si_34-762,1.1879
Si_34-766,1.1309
Si_34-767,1.1545
Si_34-770,1.1694
Si_34-771,1.1395
Si_34-773,1.0924
Si_34-775,1.1454
Si_34-777,1.2362
Si_34-779,1.1521
Si_34-780,1.1345
Si_34-781,1.0933
Si_34-782,1.0611
Si_34-784,1.1858
Si_34-788,1.0702
Si_34-789,1.1055
Si_34-791,1.2495
Si_34-792,1.1879
Si_34-795,1.0965
Si_34-796,1.1397
Si_34-799,1.1327
Si_34-801,1.0631
Si_34-802,1.1496
Si_34-803,1.1037
Si_34-805,1.1827
Si_34-806,1.0975
Si_34-807,1.0302
Si_34-808,1.2502
Si_34-812,1.1103
Si_34-813,1.1710
Si_34-815,1.1354
Si_34-816,1.0101
Si_34-817,1.1035
Si_34-818,1.1432
Si_34-820,1.2459
Si_34-821,1.0254
Si_34-822,1.1916
Si_34-824,1.1390
Si_34-826,1.1714
Si_34-827,1.1266
Si_34-830,1.1155
Si_34-831,1.1865
Si_34-832,1.2237
Si_34-834,1.1430
Si_34-835,1.1901
Si_34-836,1.2685
Si_34-838,1.2796
Si_34-839,1.0812
Si_34-840,1.0838
Si_34-841,1.2745
Si_34-844,1.1091
Si_34-847,1.1858
Si_34-849,1.1600
Si_34-858,1.2671
Si_34-859,1.0826
Si_34-860,1.1549
Si_34-862,1.2752
Si_34-865,1.2458
Si_34-866,1.1233
Si_34-867,1.0791
Si_34-869,1.0120
Si_34-873,1.1234
Si_34-874,1.2246
Si_34-875,1.1266
Si_34-878,1.1691
Si_34-879,1.1283
Si_34-882,1.1323
Si_34-884,1.0928
Si_34-886,1.1631
Si_34-887,1.1919
Si_34-888,0.9785
Si_34-889,1.1831
Si_34-891,1.0927
Si_34-895,1.2561
Si_34-896,1.1585
Si_34-898,1.1622
Si_34-899,1.1233
Si_34-903,1.0343
Si_34-912,1.1757
Si_34-913,1.0822
Si_34-915,1.2539
Si_34-916,1.0723
Si_34-917,1.0450
Si_34-918,1.2014
Si_34-924,1.0766
Si_34-925,1.1862
Si_34-932,1.1956
Si_34-933,1.1947
Si_46-1,1.0579
Si_46-2,1.0318
Si_46-4,1.0567
Si_46-6,1.0501
Si_46-7,1.0249
Si_46-9,1.0895
Si_46-10,1.0367
Si_46-14,1.0433
Si_46-15,1.0490
Si_46-16,1.0287
Si_46-17,1.0425
Si_46-20,1.0273
Si_46-21,1.0822
Si_46-22,1.0441
Si_46-23,1.0508
Si_46-24,1.0507
Si_46-25,1.0258
Si_46-28,1.0428
Si_46-29,1.0478
Si_46-30,1.0469
Si_46-31,1.0519
Si_46-34,1.0428
Si_46-37,1.0507
Si_46-38,1.0917
Si_46-39,1.0519
Si_46-40,1.0567
Si_46-41,1.0292
Si_46-42,1.0567
Si_46-43,1.0287
Si_46-45,1.0577
Si_46-46,1.0469
Si_46-48,1.0507
Si_46-51,1.0517
Si_46-55,1.0164
Si_46-56,1.0441
Si_46-62,1.0861
Si_46-63,1.0262
Si_46-64,1.0697
Si_46-67,1.0418
Si_46-71,1.0777
Si_46-72,1.0468
Si_46-73,1.0689
Si_46-76,1.0727
Si_46-78,1.0703
Si_46-82,1.0404
Si_46-83,1.1149
Si_46-87,1.0494
Si_46-89,1.0307
Si_46-90,1.0480
Si_46-95,1.0524
Si_46-97,1.0265
Si_46-98,1.0773
Si_46-100,1.0498
Si_46-105,1.0466
Si_46-106,1.0838
Si_46-109,1.0690
Si_46-110,1.0370
Si_46-111,1.0534
Si_46-112,1.1185
Si_46-116,1.0531
Si_46-118,1.0727
Si_46-119,1.0671
Si_46-120,1.0569
Si_46-121,1.0553
Si_46-123,1.0816
Si_46-130,1.0318
Si_46-135,1.0337
Si_46-136,1.0815
Si_46-137,1.0554
Si_46-138,1.0549
Si_46-139,1.0805
Si_46-141,1.0608
Si_46-144,1.0839
Si_46-147,1.0539
Si_46-148,1.0382
Si_46-149,1.0820
Si_46-150,1.0348
Si_46-152,1.0509
Si_46-155,1.0889
Si_46-157,1.0523
Si_46-160,1.0744
Si_46-161,1.0586
Si_46-162,1.0433
Si_46-163,1.0705
Si_46-166,1.0474
Si_46-167,1.0578
Si_46-168,1.0365
Si_46-169,1.0544
Si_46-170,1.0840
Si_46-171,1.0447
Si_46-176,1.0427
Si_46-177,1.0380
Si_46-178,1.0543
Si_46-179,1.0778
Si_46-181,1.0203
Si_46-187,1.0524
Si_46-188,1.0593
Si_46-189,1.0436
Si_46-191,1.0492
Si_46-192,1.0511
Si_46-193,1.0671
Si_46-196,1.0554
Si_46-197,1.0256
Si_46-198,1.0431
Si_46-203,1.0582
Si_46-205,1.0830
Si_46-207,1.0372
Si_46-208,1.0130
Si_46-212,1.0815
Si_46-213,1.0346
Si_46-218,1.0742
Si_46-222,1.0760
Si_46-223,1.0523
Si_46-224,1.0256
Si_46-226,1.0424
Si_46-229,1.0933
Si_46-232,1.0569
Si_46-236,1.0421
Si_46-239,1.0790
Si_46-240,1.0645
Si_46-241,1.0658
Si_46-245,1.0826
Si_46-248,1.0488
Si_46-249,1.0626
Si_46-250,1.0724
Si_46-252,1.0420
Si_46-253,1.0820
Si_46-255,1.0857
Si_46-257,1.1066
Si_46-260,1.0941
Si_46-262,1.0675
Si_46-263,1.0232
Si_46-266,1.0993
Si_46-267,1.0610
Si_46-268,1.0596
Si_46-270,1.0698
Si_46-272,1.0664
Si_46-275,1.0862
Si_46-279,1.0672
Si_46-281,1.0751
Si_46-282,1.0464
Si_46-283,1.0683
Si_46-286,1.0843
Si_46-287,1.0553
Si_46-288,1.0677
Si_46-290,1.0999
Si_46-291,1.0805
Si_46-292,1.0770
Si_46-293,1.0747
Si_46-294,1.0479
Si_46-295,1.1027
Si_46-298,1.0765
Si_46-300,1.0706
Si_46-302,1.0817
Si_46-303,1.0803
Si_46-306,1.0848
Si_46-307,1.0102
Si_46-308,1.0141
Si_46-309,1.0750
Si_46-310,1.0888
Si_46-314,1.0375
Si_46-315,1.0966
Si_46-317,1.0952
Si_46-320,1.1362
Si_46-322,1.0599
Si_46-325,1.1243
Si_46-327,1.0988
Si_46-329,1.0518
Si_46-332,1.0772
Si_46-333,1.0566
Si_46-335,1.1065
Si_46-337,1.0595
Si_46-338,1.0837
Si_46-339,1.1106
Si_46-342,1.0805
Si_46-344,1.1050
Si_46-346,1.0844
Si_46-347,1.0772
Si_46-348,1.1042
Si_46-349,1.0672
Si_46-352,1.0582
Si_46-353,1.0551
Si_46-354,1.0567
Si_46-361,1.1116
Si_46-362,1.0654
Si_46-363,1.0744
Si_46-366,1.1191
Si_46-368,1.0770
Si_46-370,1.0837
Si_46-372,1.0576
Si_46-375,1.0808
Si_46-376,1.0844
Si_46-379,1.0802
Si_46-383,1.0649
Si_46-384,1.1035
Si_46-388,1.0841
Si_46-389,1.0837
Si_46-390,1.0832
Si_46-395,1.1050
Si_46-396,1.0811
Si_46-399,1.0707
Si_46-402,1.0657
Si_46-408,1.0429
Si_46-409,1.0896
Si_46-410,1.0792
Si_46-412,1.0408
Si_46-414,1.0813
Si_46-416,1.0871
Si_46-417,1.0501
Si_46-419,1.0860
Si_46-420,1.0529
Si_46-421,1.1025
Si_46-422,1.0621
Si_46-425,1.0915
Si_46-426,1.0903
Si_46-427,1.0951
Si_46-428,1.0706
Si_46-429,1.0324
Si_46-430,1.1028
Si_46-431,1.1533
Si_46-435,1.1014
Si_46-439,1.0977
Si_46-440,1.0416
Si_46-445,1.0704
Si_46-446,1.0286
Si_46-449,1.0822
Si_46-451,1.1247
Si_46-452,1.0803
Si_46-453,1.0638
Si_46-454,1.0851
Si_46-455,1.0952
Si_46-456,1.0635
Si_46-458,1.0559
Si_46-459,1.0933
Si_46-461,1.0845
Si_46-463,1.0983
Si_46-464,1.0837
Si_46-465,1.0511
Si_46-466,1.0823
Si_46-467,1.0753
Si_46-471,1.0957
Si_46-473,1.0829
Si_46-475,1.0552
Si_46-476,1.0779
Si_46-480,1.1247
Si_46-483,1.1123
Si_46-485,1.0833
Si_46-490,1.0393
Si_46-492,1.0430
Si_46-494,1.0576
Si_46-495,1.0721
Si_46-496,1.0941
Si_46-498,1.0937
Si_46-499,1.1352
Si_46-501,1.0944
Si_46-504,1.0672
Si_46-508,1.0270
Si_46-509,1.1084
Si_46-512,1.0468
Si_46-513,1.0935
Si_46-517,1.0595
Si_46-520,1.0744
Si_46-522,1.0802
Si_46-523,1.0516
Si_46-524,1.0834
Si_46-526,1.1090
Si_46-531,1.1187
Si_46-533,1.0511
Si_46-534,1.0900
Si_46-535,1.1056
Si_46-537,1.0552
Si_46-543,1.0776
Si_46-545,1.0297
Si_46-547,1.1284
Si_46-549,1.0440
Si_46-550,1.0681
Si_46-551,1.1150
Si_46-553,1.0693
Si_46-554,1.0732
Si_46-555,1.0545
Si_46-557,1.0795
Si_46-558,1.1243
Si_46-560,1.0702
Si_46-563,1.0929
Si_46-566,1.1069
Si_46-567,1.1010
Si_46-568,1.0601
Si_46-569,1.0553
Si_46-572,1.0661
Si_46-573,1.0938
Si_46-575,1.0924
Si_46-577,1.0635
Si_46-579,1.0485
Si_46-586,1.0766
Si_46-587,1.1145
Si_46-589,1.0878
Si_46-590,1.0141
Si_46-592,1.0629
Si_46-593,1.0720
Si_46-594,1.0225
Si_46-595,1.1385
Si_46-596,1.0292
Si_46-597,1.0769
Si_46-598,1.0512
Si_46-599,1.1358
Si_46-600,1.0867
Si_46-603,1.0991
Si_46-606,1.0653
Si_46-607,1.0707
Si_46-611,1.1020
Si_46-615,1.0337
Si_46-616,1.1137
Si_46-618,1.1038
Si_46-619,1.0885
Si_46-622,1.0562
Si_46-623,1.0921
Si_46-624,1.0460
Si_46-626,1.0692
Si_46-627,1.1043
Si_46-629,1.1192
Si_46-632,1.1094
Si_46-636,1.0439
Si_46-637,1.0763
Si_46-644,1.0748
Si_46-646,1.0969
Si_46-649,1.0971
Si_46-651,1.0880
Si_46-653,1.0085
Si_46-654,1.0471
Si_46-655,1.1006
Si_46-657,1.1123
Si_46-659,1.0665
Si_46-660,1.1313
Si_46-664,1.0620
Si_46-666,1.0997
Si_46-667,1.0321
Si_46-669,1.1049
Si_46-671,1.0722
Si_46-672,1.0511
Si_46-673,1.0492
Si_46-675,1.0186
Si_46-681,1.0536
Si_46-683,1.0600
Si_46-685,1.1012
Si_46-686,1.0833
Si_46-687,1.0416
Si_46-688,1.0941
Si_46-692,1.1125
Si_46-693,1.0912
Si_46-694,1.0861
Si_46-695,1.0730
Si_46-696,1.0558
Si_46-697,1.1198
Si_46-698,1.1188
Si_46-701,1.0432
Si_46-703,1.0045
Si_46-704,1.0622
Si_46-705,1.0596
Si_46-707,1.1254
Si_46-708,1.1037
Si_46-711,1.0911
Si_46-712,1.0958
Si_46-720,1.0514
Si_46-722,1.0919
Si_46-723,1.1145
Si_46-724,1.1195
Si_46-725,1.1084
Si_46-726,1.0707
Si_46-727,1.0539
Si_46-728,1.1156
Si_46-729,1.1527
Si_46-731,1.0711
Si_46-733,1.1014
Si_46-734,1.0992
Si_46-735,1.0761
Si_46-737,1.1414
Si_46-738,1.1344
Si_46-740,1.0225
Si_46-743,1.0590
Si_46-746,1.0846
Si_46-747,1.1036
Si_46-748,1.1131
Si_46-749,1.0602
Si_46-754,1.0586
Si_46-755,1.0569
Si_46-756,1.0799
Si_46-757,1.1150
Si_46-759,1.0931
Si_46-762,1.1054
Si_46-767,1.0678
Si_46-772,1.0984
Si_46-774,1.0833
Si_46-775,1.1438
Si_46-777,1.0620
Si_46-779,1.0940
Si_46-781,1.0874
Si_46-782,1.1142
Si_46-783,1.0710
Si_46-785,1.1454
Si_46-786,1.0724
Si_46-790,1.0956
Si_46-794,1.0589
Si_46-797,1.1135
Si_46-799,1.1009
Si_46-802,1.0927
Si_46-804,1.0638
Si_46-805,1.0837
Si_46-807,1.0858
Si_46-810,1.0879
Si_46-811,1.0168
Si_46-814,1.1039
Si_46-815,1.0841
Si_46-819,1.0889
Si_46-820,1.1112
Si_46-822,1.1323
Si_46-823,1.0880
Si_46-824,1.1047
Si_46-825,1.0570
Si_46-829,1.1075
Si_46-831,1.0775
Si_46-832,1.0989
Si_46-833,1.1232
Si_46-835,1.1058
Si_46-842,1.1330
Si_46-844,1.0876
Si_46-845,1.0724
Si_46-848,1.0668
Si_46-851,1.1334
Si_46-852,1.1098
Si_46-853,1.0597
Si_46-855,1.1135
Si_46-856,1.1277
Si_46-857,1.0881
Si_46-859,1.0739
Si_46-860,1.1297
Si_46-861,1.1036
Si_46-865,1.1006
Si_46-866,1.0122
Si_46-867,1.0517
Si_46-869,1.1235
Si_46-873,1.1526
Si_46-875,1.0850
Si_46-876,1.0371
Si_46-877,1.1685
Si_46-880,1.1299
Si_46-881,1.1148
Si_46-882,1.0789
Si_46-883,1.1236
Si_46-887,1.1099
Si_46-888,1.0784
Si_46-891,1.1087
Si_46-892,1.1106
Si_46-895,1.0434
Si_46-897,1.0608
Si_46-899,1.0900
Si_46-901,1.1487
Si_46-902,1.0874
Si_46-903,1.1018
Si_46-905,1.0338
Si_46-908,1.1114
Si_46-909,1.0625
Si_46-912,1.0255
Si_46-914,1.0794
Si_46-918,1.0259
Si_46-920,1.0978
Si_46-928,1.0991
Si_46-929,1.1462
Si_46-930,1.1115
Si_46-936,1.1082
Si_46-938,1.1225
Si_46-942,1.0463
Si_46-943,1.1163
Si_46-944,1.0968
Si_46-945,1.1187
Si_46-946,1.1423
Si_46-947,1.1046
Si_46-948,1.1186
Si_46-949,1.0215
Si_46-952,1.0686
Si_46-954,1.0987
Si_46-956,1.0669
Si_46-960,1.1245
Si_46-961,1.0882
Si_46-963,1.1226
Si_46-964,1.1037
Si_46-967,1.1309
Si_46-971,1.0711
Si_46-972,1.0987
Si_46-975,1.1475
Si_46-977,1.1215
Si_46-978,1.0677
Si_46-980,1.0086
Si_46-982,1.1124
Si_46-985,1.0603
Si_46-986,1.1380
Si_46-987,1.0741
Si_46-989,1.1614
Si_46-990,1.1464
Si_46-991,1.1498
Si_46-993,1.1576
Si_46-994,1.1100
Si_46-999,1.1219
Si_46-1001,1.0977
Si_46-1003,1.1590
Si_46-1005,1.0918
Si_46-1007,1.0587
Si_46-1009,1.0684
Si_46-1012,1.0610
Si_46-1013,1.1171
Si_46-1016,1.1030
Si_46-1017,1.0952
Si_46-1018,1.0793
Si_46-1020,1.0071
Si_46-1023,1.0843
Si_46-1024,1.1056
Si_46-1025,1.0621
Si_46-1028,1.1520
Si_46-1029,1.1171
Si_46-1031,1.1286
Si_46-1032,1.1067
Si_46-1033,1.1708
Si_46-1034,1.1303
Si_46-1038,1.0913
Si_46-1039,1.0920
Si_46-1040,1.1421
Si_46-1041,1.0802
Si_46-1043,1.1384
Si_46-1049,1.0942
Si_46-1050,1.1738
Si_46-1052,1.0722
Si_46-1054,1.1121
Si_46-1055,1.1067
Si_46-1056,1.1208
Si_46-1057,1.1076
Si_46-1060,1.1380
Si_46-1064,1.1318
Si_46-1065,1.1208
Si_46-1067,1.1176
Si_46-1068,1.1403
Si_46-1069,1.0986
Si_46-1070,1.0669
Si_46-1073,1.1381
Si_46-1075,1.1391
Si_46-1076,1.1157
Si_46-1082,1.1313
Si_46-1085,1.1496
Si_46-1087,1.1345
Si_46-1090,1.1081
Si_46-1093,1.1027
Si_46-1094,1.0743
Si_46-1096,1.0958
Si_46-1097,1.1250
Si_46-1100,1.1529
Si_46-1101,1.0899
Si_46-1103,1.1112
Si_46-1106,1.1514
Si_46-1109,1.0686
Si_46-1110,1.1471
Si_46-1111,1.1122
Si_46-1112,1.1600
Si_46-1114,1.1434
Si_46-1117,1.1091
Si_46-1118,1.1475
Si_46-1122,1.0807
Si_46-1123,1.1156
Si_46-1124,1.1119
Si_46-1133,1.0910
Si_46-1137,1.1075
Si_46-1139,1.0931
Si_46-1140,1.1469
Si_46-1143,1.1637
Si_46-1144,1.1015
Si_46-1148,1.1662
Si_46-1150,1.0982
Si_46-1151,1.1478
Si_46-1152,1.0948
Si_46-1153,1.0800
Si_46-1154,1.1606
Si_46-1155,1.0977
Si_46-1156,1.1519
Si_46-1157,1.0714
Si_46-1158,1.1576
Si_46-1159,1.1230
Si_46-1160,1.1009
Si_46-1162,1.1376
Si_46-1166,1.1237
Si_46-1167,1.1649
Si_46-1168,1.1781
Si_46-1169,1.1328
Si_46-1171,1.1547
Si_46-1172,1.1165
Si_46-1173,1.1189
Si_46-1181,1.1317
Si_46-1182,1.1294
Si_46-1185,1.1293
Si_46-1192,1.0840
Si_46-1197,1.1220
Si_46-1200,1.0847
Si_46-1201,1.1228
Si_46-1205,1.1318
Si_46-1207,1.0883
Si_46-1208,1.1980
Si_46-1209,1.0609
Si_46-1210,1.0459
Si_46-1211,1.0697
Si_46-1212,1.0632
Si_46-1213,1.1099
Si_46-1217,1.0884
Si_46-1218,1.1112
Si_46-1219,1.0593
Si_46-1220,1.1193
Si_46-1222,1.0797
Si_46-1226,1.1752
Si_46-1232,1.1088
Si_46-1233,1.1629
Si_46-1236,1.2052
Si_46-1237,1.0908
Si_46-1240,1.1520
Si_46-1242,1.0800
Si_46-1248,1.0356
Si_46-1250,1.1317
Si_46-1251,1.0887
Si_46-1252,1.1438
Si_46-1257,1.1720
Si_46-1261,1.1215
Si_46-1262,1.1929
Si_46-1263,1.0759
Si_46-1264,1.0588
Si_46-1265,1.1559
Si_46-1266,1.1198
Si_46-1268,1.0962
Si_46-1272,1.2182
Si_46-1273,1.1602
Si_46-1274,1.0847
Si_46-1278,1.2003
Si_46-1288,1.1300
Si_46-1292,1.1768
Si_46-1294,1.1148
Si_46-1296,1.1656
Si_46-1297,1.1502
Si_46-1298,1.1012
Si_46-1299,1.2084
Si_46-1301,1.1962
Si_46-1302,1.1779
Si_46-1303,1.1044
Si_46-1305,1.1614
Si_46-1307,1.0970
Si_46-1312,1.1772
Si_46-1313,1.1193
Si_46-1314,1.1476
Si_46-1316,1.1076
Si_46-1317,1.1438
Si_46-1320,1.1377
Si_46-1321,1.0730
Si_46-1322,1.1843
Si_46-1323,1.1274
Si_46-1324,1.1035
Si_46-1326,1.0859
Si_46-1327,1.1125
Si_46-1328,1.1486
Si_46-1329,1.1441
Si_46-1335,1.1651
Si_46-1336,1.1652
Si_46-1337,1.0769
Si_46-1339,1.0982
Si_46-1342,1.1916
Si_46-1343,1.1459
Si_46-1348,1.1237
Si_46-1349,1.1156
Si_46-1350,1.0792
Si_46-1351,1.1149
Si_46-1352,1.1805
Si_46-1355,1.0804
Si_46-1356,1.0929
Si_46-1360,1.1337
Si_46-1363,1.1573
Si_46-1364,1.1031
Si_46-1366,1.1441
Si_46-1367,1.1020
Si_46-1369,1.0922
Si_46-1370,1.1585
Si_46-1376,1.1525
Si_46-1377,1.1117
Si_46-1378,1.1365
Si_46-1382,1.0921
Si_46-1384,1.1493
Si_46-1385,1.1326
Si_46-1387,1.1493
Si_46-1388,1.0966
Si_46-1391,1.0951
Si_46-1393,1.1413
Si_46-1394,1.1224
Si_46-1395,1.0950
Si_46-1398,1.2204
Si_46-1400,1.0965
Si_46-1402,1.0971
Si_46-1403,1.0924
Si_46-1407,1.1175
Si_46-1409,1.1724
Si_46-1414,1.1316
Si_46-1418,1.1173
Si_46-1419,1.1529
Si_46-1422,1.2027
Si_46-1423,1.1629
Si_46-1426,1.1054
Si_46-1427,1.1169
Si_46-1428,1.1322
Si_46-1430,1.1120
Si_46-1432,1.1628
Si_46-1434,1.1584
Si_46-1435,1.0834
Si_46-1437,1.1162
Si_46-1438,1.1948
Si_46-1439,1.2162
Si_46-1440,1.1819
Si_46-1442,1.1009
Si_46-1444,1.1799
Si_46-1446,1.1286
Si_46-1448,1.1688
Si_46-1449,1.1418
Si_46-1451,1.1725
Si_46-1453,1.1307
Si_46-1456,1.1429
Si_46-1457,1.1852
Si_46-1458,1.1303
Si_46-1461,1.1293
Si_46-1462,1.1602
Si_46-1463,1.1181
Si_46-1464,1.0929
Si_46-1465,1.1847
Si_46-1466,1.1699
Si_46-1471,1.1610
Si_46-1474,1.1442
Si_46-1476,1.1364
Si_46-1477,1.1630
Si_46-1479,1.0688
Si_46-1481,1.1395
Si_46-1482,1.1245
Si_46-1483,1.0406
Si_46-1485,1.1119
Si_46-1486,1.1376
Si_46-1487,1.0881
Si_46-1488,1.1457
Si_46-1490,1.0926
Si_46-1491,1.1712
Si_46-1492,1.2119
Si_46-1493,1.1139
Si_46-1494,1.1822
Si_46-1495,1.1733
Si_46-1497,1.0711
Si_46-1498,1.1338
Si_46-1502,1.0914
Si_46-1506,1.0824
Si_46-1507,1.2204
Si_46-1509,1.1642
Si_46-1510,1.1383
Si_46-1511,1.1315
Si_46-1513,1.0771
Si_46-1515,1.0326
Si_46-1516,1.1290
Si_46-1517,1.1541
Si_46-1518,1.1220
Si_46-1521,1.0964
Si_46-1523,1.2119
Si_46-1524,1.1241
Si_46-1528,1.1585
Si_46-1530,1.1473
Si_46-1533,1.0932
Si_46-1536,1.1458
Si_46-1537,1.1618
Si_46-1538,1.1076
Si_46-1539,1.1538
Si_46-1540,1.0834
Si_46-1541,1.1277
Si_46-1544,1.1190
Si_46-1545,1.0759
Si_46-1547,1.1029
Si_46-1551,1.1446
Si_46-1552,1.1675
Si_46-1555,1.1600
Si_46-1556,1.1455
Si_46-1560,1.2059
Si_46-1563,1.1830
Si_46-1565,1.0903
Si_46-1566,1.1512
Si_46-1567,1.1519
Si_46-1568,1.2197
Si_46-1572,1.1482
Si_46-1573,1.1404
Si_46-1576,1.1798
Si_46-1577,1.1093
Si_46-1578,1.0520
Si_46-1579,1.0681
Si_46-1582,1.1105
Si_46-1584,1.1311
Si_46-1586,1.0864
Si_46-1589,1.1219
Si_46-1591,1.0776
Si_46-1592,1.1572
Si_46-1593,1.1196
Si_46-1594,1.1516
Si_46-1596,1.1858
Si_46-1599,1.1136
Si_46-1601,1.1565
Si_46-1602,1.2275
Si_46-1603,1.2011
Si_46-1607,1.1571
Si_46-1609,1.1313
Si_46-1611,1.1444
Si_46-1612,1.0802
Si_46-1613,1.1611
Si_46-1614,1.0246
Si_46-1615,1.1221
Si_46-1616,1.1249
Si_46-1619,1.1385
Si_46-1621,1.1588
Si_46-1624,1.1450
Si_46-1627,1.2012
Si_46-1628,1.1393
Si_46-1631,1.2126
Si_46-1633,1.2059
Si_46-1634,1.1889
Si_46-1637,1.1146
Si_46-1638,1.1898
Si_46-1642,1.0841
Si_46-1643,1.1479
Si_46-1644,1.1799
Si_46-1653,1.1600
Si_46-1657,1.1771
Si_46-1658,1.1492
Si_46-1661,1.1355
Si_46-1662,1.1481
Si_46-1669,1.1365
Si_46-1671,1.1535
Si_46-1672,1.0597
Si_46-1675,1.1598
Si_46-1676,1.1082
Si_46-1677,1.1251
Si_46-1678,1.1213
Si_46-1680,1.0993
Si_46-1682,1.1746
Si_46-1683,1.1453
Si_46-1684,1.1641
Si_46-1687,1.0347
Si_46-1692,1.1764
Si_46-1694,1.2060
Si_46-1696,1.0761
Si_46-1698,1.2170
Si_46-1702,1.1578
Si_46-1710,1.1435
Si_46-1713,1.1578
Si_46-1714,1.1475
Si_46-1715,1.1392
Si_46-1718,1.1387
Si_46-1719,1.2552
Si_46-1720,1.1645
Si_46-1722,1.1776
Si_46-1723,1.2503
Si_46-1726,1.1069
Si_46-1730,1.1321
Si_46-1731,1.2223
Si_46-1732,1.1489
Si_46-1733,1.2038
Si_46-1734,1.0487
Si_46-1735,1.1477
Si_46-1736,1.1231
Si_46-1737,1.2459
Si_46-1738,1.1910
Si_46-1740,1.1071
Si_46-1743,1.1928
Si_46-1745,1.1514
Si_46-1748,1.1456
Si_46-1751,1.1830
Si_46-1752,1.1338
Si_46-1753,1.2062
Si_46-1754,1.1725
Si_46-1755,1.1296
Si_46-1757,1.1119
Si_46-1761,1.1943
Si_46-1762,1.2060
Si_46-1763,1.1147
Si_46-1764,1.2589
Si_46-1766,1.1734
Si_46-1767,1.1422
Si_46-1768,1.1252
Si_46-1770,1.0951
Si_46-1771,1.1354
Si_46-1773,1.2094
Si_46-1774,1.1663
Si_46-1775,1.1216
Si_46-1776,1.1292
Si_46-1779,1.1810
Si_46-1780,1.1064
Si_46-1781,1.1408
Si_46-1782,1.1992
Si_46-1784,1.1095
Si_46-1789,1.1680
Si_46-1790,1.1345
Si_46-1791,1.1762
Si_46-1793,1.2338
Si_46-1796,1.1841
Si_46-1799,1.2090
Si_46-1801,1.1314
Si_46-1802,1.1808
Si_46-1806,1.2481
Si_46-1807,1.1413
Si_46-1812,1.1609
Si_46-1817,1.1473
Si_46-1818,1.1882
Si_46-1819,1.1405
Si_46-1821,1.1947
Si_46-1829,1.1850
Si_46-1834,1.1995
Si_46-1835,1.1367
Si_46-1836,1.1056
Si_46-1839,1.1687
Si_46-1841,1.1130
Si_46-1843,1.1523
Si_46-1844,1.1741
Si_46-1845,1.1650
Si_46-1847,1.1563
Si_46-1851,1.1543
Si_46-1853,1.1573
Si_46-1854,1.1459
Si_46-1855,1.1761
Si_46-1856,1.1367
Si_46-1858,1.1461
Si_46-1859,1.1870
Si_46-1861,1.1661
Si_46-1862,1.1526
Si_46-1864,1.2371
Si_46-1866,1.1883
Si_46-1869,1.1766
Si_46-1872,1.1683
Si_46-1874,1.1348
Si_46-1875,1.1228
Si_46-1877,1.1668
Si_46-1879,1.2507
Si_46-1880,1.1698
Si_46-1881,1.2241
Si_46-1882,1.1526
Si_46-1885,1.1425
Si_46-1886,1.1819
Si_46-1889,1.1898
Si_46-1890,1.1699
Si_46-1891,1.1997
Si_46-1894,1.1213
Si_46-1897,1.2099
Si_46-1898,1.1331
Si_46-1899,1.1229
Si_46-1905,1.1937
Si_46-1907,1.2049
Si_46-1909,1.2275
Si_46-1910,1.1526
Si_46-1911,1.1135
Si_46-1912,1.1826
Si_46-1913,1.1358
Si_46-1916,1.1270
Si_46-1917,1.1598
Si_46-1922,1.1103
Si_46-1924,1.1465
Si_46-1930,1.1147
Si_46-1932,1.1713
Si_46-1934,1.1225
Si_46-1936,1.1586
Si_46-1937,1.1636
Si_46-1938,1.1773
Si_46-1939,1.1500
Si_46-1940,1.1629
Si_46-1942,1.1611
Si_46-1944,1.2148
Si_46-1946,1.1230
Si_46-1947,1.1106
Si_46-1951,1.1487
Si_46-1952,1.1560
Si_46-1954,1.1827
Si_46-1956,1.2201
Si_46-1958,1.2127
Si_46-1959,1.2104
Si_46-1960,1.0376
Si_46-1961,1.2449
Si_46-1962,1.2022
Si_46-1967,1.1544
Si_46-1971,1.0751
Si_46-1972,1.1719
Si_46-1974,1.1420
Si_46-1978,1.2148
Si_46-1979,1.0674
Si_46-1980,1.1472
Si_46-1982,1.1798
Si_46-1984,1.1444
Si_46-1985,1.1918
Si_46-1986,1.2074
Si_46-1987,1.1769
Si_46-1989,1.1475
Si_46-1991,1.1701
Si_46-1993,1.0780
Si_46-1996,1.1365
Si_46-1997,1.1750
Si_46-1998,1.1734
Si_46-2000,1.1779
Si_46-2001,1.0872
Si_46-2005,1.1752
Si_46-2010,1.1923
Si_46-2014,1.0905
Si_46-2015,1.2125
Si_46-2016,1.1713
Si_46-2017,1.1809
Si_46-2018,1.1111
Si_46-2021,1.2740
Si_46-2029,1.1666
Si_46-2031,1.1335
Si_46-2032,1.1099
Si_46-2033,1.1317
Si_46-2034,1.1147
Si_46-2037,1.1393
Si_46-2039,1.0277
Si_46-2044,1.1777
Si_46-2045,1.1665
Si_46-2046,1.1575
Si_46-2049,1.1505
Si_46-2050,1.1797
Si_46-2053,1.2256
Si_46-2054,1.1568
Si_46-2056,1.1733
Si_46-2060,1.1952
Si_46-2061,1.1526
Si_46-2062,1.2648
Si_46-2063,1.1828
Si_46-2066,1.1780
Si_46-2068,1.1117
Si_46-2069,1.1908
Si_46-2070,1.2246
Si_46-2071,1.2764
Si_46-2074,1.1448
Si_46-2075,1.1661
Si_46-2076,1.1581
Si_46-2078,1.0532
Si_46-2080,1.1562
Si_46-2081,1.1853
Si_46-2083,1.1689
Si_46-2085,1.3110
Si_46-2086,1.1683
Si_46-2087,1.1446
Si_46-2088,1.2288
Si_46-2091,1.1907
Si_46-2096,1.2629
Si_46-2099,1.0990
Si_46-2100,1.2489
Si_46-2104,1.1744
Si_46-2107,1.1327
Si_46-2108,1.1631
Si_46-2111,1.1175
Si_46-2112,1.1686
Si_46-2115,1.1997
Si_46-2119,1.2391
Si_46-2120,1.1524
Si_46-2124,1.1793
Si_46-2125,1.2385
Si_46-2126,1.1320
Si_46-2127,1.2276
Si_46-2130,1.1666
Si_46-2133,1.2324
Si_46-2134,1.1372
Si_46-2135,1.1455
Si_46-2137,1.1709
Si_46-2138,1.1426
Si_46-2139,1.1497
Si_46-2143,1.1743
Si_46-2146,1.1996
Si_46-2149,1.1755
Si_46-2150,1.1334
Si_46-2152,1.2481
Si_46-2154,1.2154
Si_46-2155,1.1531
Si_46-2156,1.2164
Si_46-2157,1.1786
Si_46-2158,1.1728
Si_46-2159,1.0898
Si_46-2164,1.0756
Si_46-2165,1.2279
Si_46-2166,1.1390
Si_46-2167,1.1288
Si_46-2168,1.1591
Si_46-2169,1.1569
Si_46-2171,1.1909
Si_46-2172,1.0834
Si_46-2174,1.1566
Si_46-2176,1.1300
Si_46-2181,1.1754
Si_46-2182,1.1484
Si_46-2184,1.1753
Si_46-2185,1.2311
Si_46-2189,1.2672
Si_46-2190,1.1349
Si_46-2191,1.1781
Si_46-2194,1.2692
Si_46-2195,1.2427
Si_46-2196,1.1986
Si_46-2198,1.2123
Si_46-2200,1.1782
Si_46-2201,1.1910
Si_46-2202,1.1269
Si_46-2203,1.2037
Si_46-2204,1.2527
Si_46-2207,1.1727
Si_46-2211,1.1351
Si_46-2212,1.2239
Si_46-2213,1.1816
Si_46-2214,1.1081
Si_46-2216,1.1551
Si_46-2220,1.2019
Si_46-2221,1.1564
Si_46-2223,1.1206
Si_46-2226,1.1976
Si_46-2228,1.1361
Si_46-2232,1.1230
Si_46-2234,1.1545
Si_46-2235,1.1989
Si_46-2236,1.2085
Si_46-2237,1.2693
Si_46-2238,1.1977
Si_46-2239,1.1491
Si_46-2240,1.1575
Si_46-2242,1.1683
Si_46-2244,1.1682
Si_46-2245,1.1672
Si_46-2246,1.1628
Si_46-2248,1.1280
Si_46-2254,1.2027
Si_46-2261,1.2414
Si_46-2262,1.1778
Si_46-2264,1.2526
Si_46-2265,1.1990
Si_46-2267,1.1350
Si_46-2268,1.2174
Si_46-2269,1.1850
Si_46-2270,1.2075
Si_46-2273,1.1850
Si_46-2276,1.1568
Si_46-2278,1.2257
Si_46-2281,1.1365
Si_46-2283,1.1731
Si_46-2284,1.1652
Si_46-2285,1.1991
Si_46-2286,1.1763
Si_46-2287,1.1783
Si_46-2288,1.2457
Si_46-2289,1.1515
Si_46-2290,1.1942
Si_46-2292,1.1579
Si_46-2295,1.1773
Si_46-2296,1.2549
Si_46-2297,1.1762
Si_46-2301,1.2220
Si_46-2302,1.1064
Si_46-2303,1.1916
Si_46-2305,1.2515
Si_46-2307,1.1556
Si_46-2308,1.2182
Si_46-2309,1.1363
Si_46-2310,1.0997
Si_46-2313,1.2321
Si_46-2314,1.1772
Si_46-2315,1.2373
Si_46-2317,1.2530
Si_46-2319,1.1374
Si_46-2322,1.1064
Si_46-2324,1.1282
Si_46-2325,1.2216
Si_46-2326,1.2274
Si_46-2329,1.1956
Si_46-2331,1.1228
Si_46-2332,1.2223
Si_46-2333,1.1349
Si_46-2337,1.1606
Si_46-2339,1.1894
Si_46-2340,1.1418
Si_46-2341,1.2419
Si_46-2342,1.1875
Si_46-2344,1.2017
Si_46-2346,1.2487
Si_46-2351,1.1823
Si_46-2352,1.1358
Si_46-2355,1.1872
Si_46-2356,1.2363
Si_46-2358,1.2001
Si_46-2359,1.2169
Si_46-2360,1.2414
Si_46-2361,1.2607
Si_46-2364,1.1300
Si_46-2365,1.2836
Si_46-2366,1.2849
Si_46-2373,1.1203
Si_46-2374,1.2428
Si_46-2375,1.0844
Si_46-2376,1.2058
Si_46-2378,1.1143
Si_46-2379,1.1857
Si_46-2380,1.2338
Si_46-2382,1.1425
Si_46-2385,1.1476
Si_46-2391,1.1929
Si_46-2396,1.0899
Si_46-2397,1.0966
Si_46-2398,1.2359
Si_46-2401,1.2277
Si_46-2402,1.2248
Si_46-2404,1.1810
Si_46-2407,1.2314
Si_46-2408,1.1572
Si_46-2410,1.2352
Si_46-2413,1.2004
Si_46-2415,1.1963
Si_46-2417,1.2247
Si_46-2419,1.2016
Si_46-2424,1.2240
Si_46-2425,1.1647
Si_46-2426,1.1861
Si_46-2427,1.1779
Si_46-2428,1.1797
Si_46-2429,1.2022
Si_46-2432,1.2287
Si_46-2434,1.2022
Si_46-2437,1.1330
Si_46-2441,1.2280
Si_46-2443,1.2649
Si_46-2444,1.2809
Si_46-2446,1.2000
Si_46-2448,1.2214
Si_46-2451,1.2376
Si_46-2452,1.1841
Si_46-2453,1.2088
Si_46-2454,1.1819
Si_46-2456,1.2119
Si_46-2457,1.3421
Si_46-2459,1.2540
Si_46-2460,1.2170
Si_46-2462,1.1948
Si_46-2467,1.1488
Si_46-2469,1.1071
Si_46-2470,1.2661
Si_46-2471,1.2331
Si_46-2473,1.2151
Si_46-2474,1.1745
Si_46-2475,1.2461
Si_46-2477,1.2249
Si_46-2478,1.2465
Si_46-2479,1.2066
Si_46-2480,1.1028
Si_46-2481,1.1726
Si_46-2482,1.2716
Si_46-2483,1.1003
Si_46-2486,1.2324
Si_46-2487,1.2985
Si_46-2488,1.2561
Si_46-2489,1.1860
Si_46-2490,1.2175
Si_46-2491,1.2719
Si_46-2493,1.2157
Si_46-2494,1.2122
Si_46-2495,1.2278
Si_46-2497,1.1922
Si_46-2498,1.1561
Si_46-2502,1.1449
Si_46-2505,1.1587
Si_46-2508,1.2736
Si_46-2509,1.1869
Si_46-2510,1.2171
Si_46-2511,1.2158
Si_46-2513,1.2454
Si_46-2517,1.1352
Si_46-2518,1.2546
Si_46-2519,1.2691
Si_46-2520,1.2288
Si_46-2522,1.2651
Si_46-2524,1.0188
Si_46-2527,1.3222
Si_46-2528,1.2303
Si_46-2531,1.2693
Si_46-2532,1.1122
Si_46-2536,1.2155
Si_46-2537,1.1942
Si_46-2539,1.2463
Si_46-2540,1.2013
Si_46-2542,1.2756
Si_46-2544,1.1932
Si_46-2545,1.1783
Si_46-2548,1.2001
Si_46-2549,1.0980
Si_46-2550,1.1913
Si_46-2555,1.2603
Si_46-2556,1.1665
Si_46-2557,1.2191
Si_46-2559,1.2191
Si_46-2560,1.1570
Si_46-2561,1.3169
Si_46-2565,1.1932
Si_46-2574,1.1535
Si_46-2577,1.2219
Si_46-2578,1.2601
Si_46-2579,1.1730
Si_46-2580,1.2165
Si_46-2581,1.2244
Si_46-2584,1.2732
Si_46-2585,1.2355
Si_46-2588,1.1987
Si_46-2592,1.2474
Si_46-2594,1.1836
Si_46-2595,1.1602
Si_46-2598,1.1766
Si_46-2599,1.1354
Si_46-2600,1.2539
Si_46-2601,1.1611
Si_46-2602,1.2473
Si_46-2604,1.1873
Si_46-2605,1.2752
Si_46-2607,1.2483
Si_46-2613,1.2013
Si_46-2614,1.1185
Si_46-2615,1.1697
Si_46-2616,1.2033
Si_46-2619,1.2803
Si_46-2620,1.2540
Si_46-2623,1.3067
Si_46-2625,1.2797
Si_46-2628,1.2371
Si_46-2630,1.2117
Si_46-2631,1.2307
Si_46-2632,1.2531
Si_46-2633,1.2309
Si_46-2634,1.1784
Si_46-2637,1.1966
Si_46-2638,1.1886
Si_46-2644,1.1610
Si_46-2647,1.2229
Si_46-2648,1.2206
Si_46-2650,1.1715
Si_46-2652,1.0783
Si_46-2653,1.2759
Si_46-2655,1.1570
Si_46-2656,1.2999
Si_46-2658,1.2434
Si_46-2662,1.1972
Si_46-2665,1.2141
Si_46-2668,1.1962
Si_46-2670,1.2062
Si_46-2671,1.0949
Si_46-2673,1.2453
Si_46-2675,1.2302
Si_46-2677,1.1901
Si_46-2679,1.1825
Si_46-2680,1.2539
Si_46-2682,1.1985
Si_46-2683,1.2036
Si_46-2684,1.2345
Si_46-2685,1.2493
Si_46-2686,1.1527
Si_46-2689,1.2558
Si_46-2691,1.0804
Si_46-2694,1.1834
Si_46-2697,1.2553
Si_46-2698,1.2722
Si_46-2699,1.2141
Si_46-2700,1.1949
Si_46-2702,1.1576
Si_46-2703,1.1709
Si_46-2705,1.1070
Si_46-2709,1.2050
Si_46-2710,1.1575
Si_46-2711,1.2689
Si_46-2712,1.2107
Si_46-2713,1.2196
Si_46-2715,1.2064
Si_46-2716,1.2057
Si_46-2720,1.2047
Si_46-2721,1.2550
Si_46-2723,1.2288
Si_46-2724,1.2901
Si_46-2725,1.1788
Si_46-2727,1.1568
Si_46-2730,1.2736
Si_46-2733,1.2010
Si_46-2735,1.1529
Si_46-2737,1.2784
Si_46-2738,1.2203
Si_46-2739,1.3412
Si_46-2740,1.2350
Si_46-2743,1.1538
Si_46-2744,1.2059
Si_46-2747,1.1611
Si_46-2749,1.1431
Si_46-2750,1.2548
Si_46-2753,1.2270
Si_46-2764,1.1891
Si_46-2773,1.2007
Si_46-2774,1.0873
Si_46-2775,1.2911
Si_46-2776,1.1062
Si_46-2779,1.1867
Si_46-2780,1.1907
Si_46-2781,1.1148
Si_46-2782,1.1809
Si_46-2783,1.2168
Si_46-2784,1.0754
Si_46-2787,1.1758
Si_46-2788,1.1499
Si_46-2789,1.2109
Si_46-2791,1.2429
Si_46-2793,1.1410
Si_46-2796,1.2617
Si_46-2797,1.2080
Si_46-2799,1.2454
Si_46-2803,1.1293
Si_46-2806,1.1991
Si_46-2807,1.2146
Si_46-2808,1.1810
Si_46-2809,1.3075
Si_46-2815,1.2642
Si_46-2816,1.2364
Si_46-2817,1.1808
Si_46-2818,1.2588
Si_46-2819,1.2304
Si_46-2821,1.2392
Si_46-2822,1.1894
Si_46-2824,1.2623
Si_46-2827,1.2874
Si_46-2829,1.2170
Si_46-2831,1.1278
Si_46-2832,1.2608
Si_46-2835,1.2366
Si_46-2839,1.2248
Si_46-2846,1.3643
Si_46-2848,1.2293
Si_46-2849,1.2071
Si_46-2850,1.2263
Si_46-2852,1.1803
Si_46-2853,1.1989
Si_46-2854,1.2932
Si_46-2862,1.1574
Si_46-2863,1.2272
Si_46-2864,1.2174
Si_46-2867,1.2253
Si_46-2869,1.1720
Si_46-2872,1.2592
Si_46-2873,1.2896
Si_46-2874,1.1897
Si_46-2875,1.2401
Si_46-2886,1.2749
Si_46-2887,1.2713
Si_46-2888,1.3369
Si_46-2892,1.2273
Si_46-2893,1.2646
Si_46-2894,1.1974
Si_46-2897,1.2472
Si_46-2898,1.2739
Si_46-2905,1.2369
Si_46-2906,1.2295
Si_46-2913,1.1805
Si_46-2916,1.2553
Si_46-2919,1.2147
Si_46-2922,1.1723
Si_46-2925,1.2380
Si_46-2926,1.3455
Si_46-2927,1.2424
Si_46-2928,1.2681
Si_46-2929,1.2004
Si_46-2934,1.2973
Si_46-2936,1.2120
Si_46-2937,1.2248
Si_46-2939,1.2048
Si_46-2940,1.2289
Si_46-2942,1.0817
Si_46-2943,1.2260
Si_46-2945,1.2587
Si_46-2947,1.1986
Si_46-2949,1.3075
Si_46-2950,1.2925
Si_46-2952,1.1810
Si_46-2955,1.2562
Si_46-2957,1.2263
Si_46-2958,1.2966
Si_46-2960,1.2596
Si_46-2963,1.2784
Si_46-2972,1.1829
Si_46-2973,1.2255
Si_46-2977,1.2556
Si_46-2978,1.2204
Si_46-2979,1.2744
Si_46-2982,1.2225
Si_46-2985,1.2565
Si_46-2986,1.2169
Si_46-2988,1.1735
Si_46-2990,1.1977
Si_46-2993,1.2127
Si_46-2995,1.1872
Si_46-2999,1.2813
Si_46-3000,1.2401
Si_46-3001,1.2476
Si_46-3003,1.1818
Si_46-3006,1.2597
Si_46-3008,1.2886
Si_46-3010,1.1532
Si_46-3012,1.1261
Si_46-3013,1.2143
Si_46-3014,1.2140
Si_46-3018,1.1641
Si_46-3019,1.2139
Si_46-3020,1.2762
Si_46-3021,1.3037
Si_46-3022,1.2196
Si_46-3028,1.1759
Si_46-3030,1.2684
Si_46-3031,1.3036
Si_46-3032,1.2552
Si_46-3033,1.2687
Si_46-3034,1.2554
Si_46-3035,1.2636
Si_46-3036,1.3262
Si_46-3038,1.2554
Si_46-3039,1.1076
Si_46-3040,1.2539
Si_46-3042,1.0745
Si_46-3044,1.2278
Si_46-3045,1.2172
Si_46-3047,1.2668
Si_46-3048,1.2229
Si_46-3050,1.2046
Si_46-3058,1.1679
Si_46-3061,1.2689
Si_46-3062,1.2026
Si_46-3068,1.2013
Si_46-3072,1.2604
Si_46-3074,1.2212
Si_46-3075,1.3003
Si_46-3078,1.1714
Si_46-3080,1.3092
Si_46-3087,1.2663
Si_46-3088,1.2213
Si_46-3089,1.1904
Si_46-3090,1.1882
Si_46-3091,1.2355
Si_46-3093,1.2160
Si_46-3096,1.2789
Si_46-3100,1.2225
Si_46-3102,1.2943
Si_46-3104,1.2198
Si_46-3106,1.2328
Si_46-3109,1.2586
Si_46-3112,1.2235
Si_46-3114,1.2627
Si_46-3115,1.1517
Si_46-3116,1.2275
Si_46-3117,1.2665
Si_46-3118,1.2515
Si_46-3120,1.1981
Si_46-3121,1.2670
Si_46-3124,1.3016
Si_46-3125,1.3433
Si_46-3127,1.2153
Si_46-3128,1.2809
Si_46-3129,1.2679
Si_46-3131,1.2746
Si_46-3132,1.2497
Si_46-3134,1.2291
Si_46-3135,1.3171
Si_46-3136,1.2296
Si_46-3138,1.1725
Si_46-3141,1.2346
Si_46-3142,1.0879
Si_46-3143,1.2349
Si_46-3145,1.1732
Si_46-3151,1.2598
Si_46-3153,1.2405
Si_46-3154,1.1933
Si_46-3156,1.2862
Si_46-3157,1.1564
Si_46-3158,1.2491
Si_46-3161,1.2488
Si_46-3164,1.3225
Si_46-3165,1.1615
Si_46-3166,1.2326
Si_46-3168,1.2923
Si_46-3170,1.2343
Si_46-3171,1.1798
Si_46-3172,1.2579
Si_46-3173,1.2157
Si_46-3174,1.2257
Si_46-3175,1.1484
Si_46-3179,1.1389
Si_46-3180,1.2698
Si_46-3181,1.2506
Si_46-3183,1.2780
Si_46-3186,1.1732
Si_46-3187,1.2825
Si_46-3188,1.1652
Si_46-3193,1.2799
Si_46-3194,1.0547
Si_46-3195,1.2341
Si_46-3197,1.1803
Si_46-3198,1.2689
Si_46-3199,1.2406
Si_46-3200,1.3145
Si_46-3201,1.2006
Si_46-3204,1.2787
Si_46-3205,1.2192
Si_46-3206,1.2131
Si_46-3208,1.2496
Si_46-3209,1.2320
Si_46-3210,1.3254
Si_46-3211,1.1973
Si_46-3215,1.2481
Si_46-3218,1.2386
Si_46-3219,1.1996
Si_46-3224,1.2682
Si_46-3225,1.2938
Si_46-3226,1.2485
Si_46-3229,1.2196
Si_46-3230,1.1296
Si_46-3231,1.2731
Si_46-3233,1.3455
Si_46-3234,1.1887
Si_46-3235,1.2332
Si_46-3236,1.1877
Si_46-3237,1.2318
Si_46-3238,1.2062
Si_46-3242,1.2465
Si_46-3243,1.0922
Si_46-3244,1.2138
Si_46-3247,1.2696
Si_46-3248,1.3939
Si_46-3253,1.2249
Si_46-3254,1.2945
Si_46-3255,1.2880
Si_46-3257,1.3183
Si_46-3260,1.1638
Si_46-3261,1.3419
Si_46-3265,1.2752
Si_46-3266,1.1886
Si_46-3268,1.2661
Si_46-3270,1.3102
Si_46-3275,1.2657
Si_46-3277,1.1492
Si_46-3281,1.2215
Si_46-3283,1.1806
Si_46-3284,1.2005
Si_46-3285,1.2381
Si_46-3287,1.2796
Si_46-3288,1.1807
Si_46-3289,1.1952
Si_46-3293,1.2900
Si_46-3295,1.2018
Si_46-3296,1.2350
Si_46-3297,1.1349
Si_46-3298,1.2207
Si_46-3299,1.3120
Si_46-3302,1.2165
Si_46-3303,1.2487
Si_46-3307,1.2809
Si_46-3309,1.3445
Si_46-3310,1.2487
Si_46-3312,1.1947
Si_46-3313,1.2069
Si_46-3315,1.2678
Si_46-3317,1.1545
Si_46-3318,1.2703
Si_46-3319,1.2564
Si_46-3321,1.2311
Si_46-3322,1.1225
Si_46-3323,1.2472
Si_46-3325,1.2432
Si_46-3328,1.3072
Si_46-3329,1.2752
Si_46-3331,1.3224
Si_46-3332,1.3259
Si_46-3334,1.2950
Si_46-3335,1.3057
Si_46-3339,1.1987
Si_46-3341,1.2862
Si_46-3344,1.2681
Si_46-3345,1.2135
Si_46-3346,1.2378
Si_46-3348,1.2568
Si_46-3350,1.2634
Si_46-3355,1.2411
Si_46-3356,1.2473
Si_46-3359,1.2307
Si_46-3361,1.2370
Si_46-3365,1.1607
Si_46-3366,1.3000
Si_46-3369,1.2706
Si_46-3370,1.2924
Si_46-3373,1.1490
Si_46-3374,1.1270
Si_46-3375,1.3247
Si_46-3377,1.2074
Si_46-3381,1.2483
Si_46-3382,1.2183
Si_46-3392,1.1093
Si_46-3393,1.2168
Si_46-3394,1.2703
Si_46-3396,1.0708
Si_46-3399,1.3486
Si_46-3403,1.2432
Si_46-3404,1.2188
Si_46-3407,1.2144
Si_46-3408,1.2853
Si_46-3409,1.2778
Si_46-3411,1.2190
Si_46-3412,1.2386
Si_46-3413,1.2473
Si_46-3416,1.1324
Si_46-3419,1.3664
Si_46-3421,1.2270
Si_46-3422,1.2844
Si_46-3423,1.2460
Si_46-3425,1.2349
Si_46-3428,1.3597
Si_46-3429,1.3438
Si_46-3431,1.2208
Si_46-3432,1.2227
Si_46-3434,1.2924
Si_46-3435,1.1010
Si_46-3436,1.2065
Si_46-3437,1.1871
Si_46-3438,1.4111
Si_46-3441,1.3016
Si_46-3442,1.1120
Si_46-3444,1.1564
Si_46-3445,1.2071
Si_46-3447,1.3079
Si_46-3448,1.3041
Si_46-3451,1.2946
Si_46-3454,1.2430
Si_46-3460,1.2586
Si_46-3464,1.1645
Si_46-3467,1.2809
Si_46-3468,1.2396
Si_46-3470,1.2338
Si_46-3475,1.3254
Si_46-3476,1.2783
Si_46-3480,1.3410
Si_46-3481,1.2122
Si_46-3483,1.3069
Si_46-3484,1.2850
Si_46-3487,1.3025
Si_46-3490,1.2939
Si_46-3493,1.2868
Si_46-3494,1.2666
Si_46-3495,1.2074
Si_46-3496,1.2571
Si_46-3499,1.3078
Si_46-3500,1.3305
Si_46-3503,1.3290
Si_46-3506,1.2020
Si_46-3508,1.3061
Si_46-3516,1.2505
Si_46-3519,1.2223
Si_46-3522,1.2870
Si_46-3524,1.2413
Si_46-3525,1.1387
Si_46-3526,1.2561
Si_46-3527,1.2849
Si_46-3529,1.2780
Si_46-3530,1.2189
Si_46-3531,1.2719
Si_46-3532,1.3178
Si_46-3534,1.2617
Si_46-3535,1.2375
Si_46-3539,1.3126
Si_46-3541,1.1349
Si_46-3542,1.2245
Si_46-3544,1.2330
Si_46-3547,1.1699
Si_46-3548,1.3574
Si_46-3549,1.2278
Si_46-3550,1.2567
Si_46-3551,1.2309
Si_46-3552,1.3083
Si_46-3554,1.3151
Si_46-3556,1.2148
Si_46-3558,1.2236
Si_46-3560,1.1955
Si_46-3565,1.2010
Si_46-3568,1.2540
Si_46-3569,1.3463
Si_46-3571,1.2453
Si_46-3572,1.3247
Si_46-3576,1.2499
Si_46-3577,1.2896
Si_46-3578,1.3405
Si_46-3580,1.2477
Si_46-3581,1.2108
Si_46-3588,1.2538
Si_46-3591,1.2126
Si_46-3592,1.2131
Si_46-3593,1.3008
Si_46-3595,1.3178
Si_46-3596,1.3077
Si_46-3597,1.2667
Si_46-3609,1.2307
Si_46-3610,1.2862
Si_46-3612,1.3390
Si_46-3613,1.1913
Si_46-3614,1.2316
Si_46-3615,1.3251
Si_46-3616,1.2962
Si_46-3617,1.3301
Si_46-3618,1.3330
Si_46-3619,1.2158
Si_46-3620,1.1800
Si_46-3623,1.2835
Si_46-3624,1.3696
Si_46-3626,1.3323
Si_46-3628,1.3316
Si_46-3629,1.2197
Si_46-3630,1.2990
Si_46-3632,1.2813
Si_46-3636,1.3453
Si_46-3638,1.2300
Si_46-3642,1.1924
Si_46-3647,1.3307
Si_46-3648,1.1833
Si_46-3650,1.2641
Si_46-3651,1.3076
Si_46-3655,1.2754
Si_46-3656,1.3571
Si_46-3657,1.2653
Si_46-3658,1.2240
Si_46-3663,1.2873
Si_46-3665,1.2257
Si_46-3667,1.2544
Si_46-3668,1.2838
Si_46-3669,1.2817
Si_46-3671,1.1123
Si_46-3672,1.2752
Si_46-3673,1.2963
Si_46-3677,1.3699
Si_46-3678,1.3258
Si_46-3679,1.2949
Si_46-3681,1.3245
Si_46-3685,1.3143
Si_46-3686,1.1923
Si_46-3687,1.2327
Si_46-3688,1.2040
Si_46-3697,1.2214
Si_46-3700,1.1430
Si_46-3701,1.2610
Si_46-3702,1.3537
Si_46-3707,1.2596
Si_46-3708,1.3897
Si_46-3709,1.2400
Si_46-3710,1.1965
Si_46-3712,1.2165
Si_46-3714,1.3759
Si_46-3716,1.2850
Si_46-3718,1.2148
Si_46-3719,1.3712
Si_46-3721,1.2825
Si_46-3722,1.2572
Si_46-3727,1.1898
Si_46-3729,1.1770
Si_46-3731,1.2669
Si_46-3732,1.2753
Si_46-3733,1.3059
Si_46-3734,1.2439
Si_46-3735,1.2735
Si_46-3736,1.3039
Si_46-3737,1.2707
Si_46-3738,1.2129
Si_46-3741,1.2089
Si_46-3743,1.2746
Si_46-3744,1.1852
Si_46-3748,1.2892
Si_46-3752,1.2770
Si_46-3755,1.2366
Si_46-3757,1.3199
Si_46-3758,1.3732
Si_46-3761,1.2864
Si_46-3762,1.3358
Si_46-3763,1.3105
Si_46-3764,1.3327
Si_46-3765,1.3571
Si_46-3766,1.3121
Si_46-3767,1.2909
Si_46-3768,1.2413
Si_46-3769,1.2558
Si_46-3770,1.1874
Si_46-3772,1.3365
Si_46-3775,1.2619
Si_46-3778,1.2684
Si_46-3782,1.1971
Si_46-3783,1.2201
Si_46-3784,1.3499
Si_46-3785,1.1978
Si_46-3786,1.3239
Si_46-3787,1.2995
Si_46-3788,1.2650
Si_46-3791,1.3355
Si_46-3794,1.2360
Si_46-3795,1.2878
Si_46-3796,1.2538
Si_46-3798,1.3012
Si_46-3799,1.2522
Si_46-3800,1.1912
Si_46-3803,1.2925
Si_46-3804,1.3144
Si_46-3805,1.2590
Si_46-3809,1.1982
Si_46-3810,1.2123
Si_46-3811,1.2414
Si_46-3816,1.2447
Si_46-3817,1.2955
Si_46-3818,1.3432
Si_46-3823,1.2878
Si_46-3824,1.2455
Si_46-3826,1.3413
Si_46-3828,1.2706
Si_46-3831,1.1874
Si_46-3833,1.2807
Si_46-3834,1.3247
Si_46-3839,1.3593
Si_46-3840,1.2286
Si_46-3843,1.2187
Si_46-3846,1.3125
Si_46-3847,1.2995
Si_46-3849,1.1961
Si_46-3853,1.3541
Si_46-3855,1.2379
Si_46-3861,1.2768
Si_46-3863,1.2820
Si_46-3867,1.3047
Si_46-3870,1.3302
Si_46-3876,1.1946
Si_46-3877,1.3734
Si_46-3878,1.2174
Si_46-3879,1.2504
Si_46-3880,1.2997
Si_46-3881,1.3702
Si_46-3882,1.3316
Si_46-3884,1.3567
Si_46-3887,1.2471
Si_46-3889,1.3296
Si_46-3890,1.3573
Si_46-3893,1.3199
Si_46-3896,1.2647
Si_46-3899,1.1946
Si_46-3902,1.2830
Si_46-3903,1.2677
Si_46-3906,1.3310
Si_46-3908,1.2236
Si_46-3909,1.2440
Si_46-3910,1.3455
Si_46-3911,1.2576
Si_46-3912,1.3296
Si_46-3913,1.3592
Si_46-3916,1.3675
Si_46-3917,1.3125
Si_46-3918,1.3659
Si_46-3920,1.3298
Si_46-3922,1.1769
Si_46-3929,1.2426
Si_46-3931,1.3149
Si_46-3935,1.3626
Si_46-3937,1.3382
Si_46-3938,1.3088
Si_46-3941,1.2368
Si_46-3943,1.3014
Si_46-3949,1.1876
Si_46-3950,1.3832
Si_46-3952,1.3037
Si_46-3954,1.1588
Si_46-3955,1.2860
Si_46-3956,1.3010
Si_46-3958,1.2809
Si_46-3960,1.1732
Si_46-3961,1.2800
Si_46-3962,1.2061
Si_46-3963,1.2112
Si_46-3965,1.3173
Si_46-3966,1.3348
Si_46-3967,1.3126
Si_46-3969,1.2137
Si_46-3970,1.3287
Si_46-3972,1.2500
Si_46-3973,1.2929
Si_46-3974,1.2849
Si_46-3975,1.3379
Si_46-3977,1.3797
Si_46-3978,1.3289
Si_46-3980,1.3676
Si_46-3982,1.3330
Si_46-3985,1.2676
Si_46-3986,1.2539
Si_46-3987,1.2052
Si_46-3988,1.3233
Si_46-3989,1.2396
Si_46-3991,1.2885
Si_46-3994,1.3445
Si_46-3997,1.2976
Si_46-3998,1.1820
Si_46-3999,1.2273
Si_46-4000,1.3420
Si_46-4001,1.3188
Si_46-4002,1.0865
Si_46-4007,1.3266
Si_46-4010,1.2928
Si_46-4012,1.2324
Si_46-4014,1.2349
Si_46-4015,1.3284
Si_46-4022,1.1856
